-- phpMyAdmin SQL Dump
-- version 4.6.4
-- https://www.phpmyadmin.net/
--
-- Máy chủ: localhost
-- Thời gian đã tạo: Th10 25, 2021 lúc 08:27 AM
-- Phiên bản máy phục vụ: 10.1.14-MariaDB
-- Phiên bản PHP: 5.6.40

SET SQL_MODE = "NO_AUTO_VALUE_ON_ZERO";
SET time_zone = "+00:00";


/*!40101 SET @OLD_CHARACTER_SET_CLIENT=@@CHARACTER_SET_CLIENT */;
/*!40101 SET @OLD_CHARACTER_SET_RESULTS=@@CHARACTER_SET_RESULTS */;
/*!40101 SET @OLD_COLLATION_CONNECTION=@@COLLATION_CONNECTION */;
/*!40101 SET NAMES utf8mb4 */;

--
-- Cơ sở dữ liệu: `trthongnb_tv365vn`
--

-- --------------------------------------------------------

--
-- Cấu trúc bảng cho bảng `bonus`
--

CREATE TABLE `bonus` (
  `id` int(11) NOT NULL,
  `id_new` int(11) DEFAULT NULL,
  `id_option` int(11) DEFAULT NULL
) ENGINE=InnoDB DEFAULT CHARSET=utf8mb4;

--
-- Đang đổ dữ liệu cho bảng `bonus`
--

INSERT INTO `bonus` (`id`, `id_new`, `id_option`) VALUES
(1, 80, 2),
(2, 81, 0),
(3, 82, 3),
(4, 83, 1),
(5, 84, 2),
(6, 85, 1),
(7, 94, 1),
(8, 107, 2),
(9, 155, 1),
(10, 194, 1),
(11, 261, 2),
(12, 322, 4),
(13, 381, 1),
(14, 418, 2),
(15, 460, 1),
(16, 490, 2),
(17, 491, 1);

-- --------------------------------------------------------

--
-- Cấu trúc bảng cho bảng `chat`
--

CREATE TABLE `chat` (
  `id` int(12) NOT NULL,
  `id_user` int(10) NOT NULL,
  `user_type` int(2) NOT NULL,
  `content` text CHARACTER SET utf8,
  `file` text CHARACTER SET utf8,
  `name_file` text CHARACTER SET utf8,
  `id_parent` int(10) NOT NULL DEFAULT '0',
  `chat_type` int(10) NOT NULL COMMENT '1 là chỉ có tin nhắn',
  `room` varchar(255) NOT NULL,
  `emoji` varchar(255) CHARACTER SET utf8 DEFAULT NULL,
  `created_at` int(12) NOT NULL,
  `updated_at` int(12) NOT NULL
) ENGINE=InnoDB DEFAULT CHARSET=latin1;

-- --------------------------------------------------------

--
-- Cấu trúc bảng cho bảng `comment`
--

CREATE TABLE `comment` (
  `id` int(11) NOT NULL,
  `id_new` int(11) DEFAULT NULL,
  `id_user` int(11) DEFAULT NULL,
  `id_parent` int(11) DEFAULT '0',
  `content` text,
  `image` varchar(255) NOT NULL,
  `user_type` int(11) NOT NULL DEFAULT '1' COMMENT '1: công ty, 2: nhân viên',
  `created_at` int(11) DEFAULT NULL,
  `updated_at` int(11) DEFAULT NULL
) ENGINE=InnoDB DEFAULT CHARSET=utf8mb4;

--
-- Đang đổ dữ liệu cho bảng `comment`
--

INSERT INTO `comment` (`id`, `id_new`, `id_user`, `id_parent`, `content`, `image`, `user_type`, `created_at`, `updated_at`) VALUES
(24, 177, 1761, 0, 'đâsdsad DDD', '', 1, 1632744406, 1632744406),
(25, 167, 1761, 0, 'zxczxcDDD', '', 1, 1632745489, 1632745489),
(26, 177, 1761, 0, 'asdasdasd', '', 1, 1632793794, 1632793794),
(27, 177, 1761, 0, 'wqeqweq', '', 1, 1632794198, 1632794198),
(28, 177, 1761, 0, 'asdadas', '', 1, 1632794360, 1632794360),
(29, 177, 1761, 0, 'asdasdas', '', 1, 1632794373, 1632794373),
(31, 177, 1761, 0, 'asdsada', '', 1, 1632794621, 1632794621),
(32, 177, 1761, 0, 'asdasd', '', 1, 1632794698, 1632794698),
(33, 177, 1761, 0, 'asdsad', '', 1, 1632794817, 1632794817),
(34, 177, 1761, 0, 'asdasdasd', '', 1, 1632794845, 1632794845),
(35, 177, 1761, 0, 'dasdasd', '', 1, 1632794932, 1632794932),
(36, 177, 1761, 0, 'asdasdasd', '', 1, 1632795025, 1632795025),
(37, 177, 1761, 0, 'asdasdasd', '', 1, 1632795129, 1632795129),
(38, 177, 1761, 0, 'asdasd', '', 1, 1632795304, 1632795304),
(39, 177, 1761, 0, 'asdasd', '', 1, 1632795345, 1632795345),
(42, 177, 1761, 0, 'ádasd', '', 1, 1632797285, 1632797285),
(43, 177, 1761, 0, 'ádasdasd', '', 1, 1632797326, 1632797326),
(44, 177, 1761, 0, 'ádasdasd', '', 1, 1632797347, 1632797347),
(45, 177, 1761, 0, 'ádasd', '', 1, 1632797432, 1632797432),
(46, 177, 1761, 0, 'ádasdasd', '', 1, 1632797505, 1632797505),
(47, 177, 1761, 0, 'a', '../img/new_feed/comment/10304.png', 1, 1632817862, 1632817862),
(50, 177, 1761, 0, 'ádasd', '../img/new_feed/comment/11818.png', 1, 1632818805, 1632818805),
(51, 177, 1761, 0, 'dấds', '../img/new_feed/comment/23860.png', 1, 1632818865, 1632818865),
(52, 177, 1761, 0, 'ádasd', '', 1, 1632818911, 1632818911),
(53, 177, 1761, 0, 'ádasdasd', '', 1, 1632818934, 1632818934),
(54, 177, 1761, 0, 'ádasd', '../img/new_feed/comment/31226.png', 1, 1632818955, 1632818955),
(55, 177, 1761, 0, 'new nưe', '../img/new_feed/comment/16548.png', 1, 1632818965, 1632818965),
(56, 177, 1761, 0, 'new new', '../img/new_feed/comment/20050.png', 1, 1632819039, 1632819039),
(57, 177, 1761, 0, 'ấdasdsad', '../img/new_feed/comment/223.png', 1, 1632819492, 1632819492),
(58, 177, 1761, 0, 'qưeqwe', '', 1, 1632819549, 1632819549),
(61, 177, 1761, 0, 'khânhsdamd', '', 1, 1632823656, 1632823656),
(62, 177, 1761, 0, 'dasadasd', '../img/new_feed/comment/13405.png', 1, 1632827387, 1632827387),
(63, 177, 1761, 0, 'ádasdasd', '../img/new_feed/comment/5024.png', 1, 1632877959, 1632877959),
(64, 177, 1761, 0, '', '../img/new_feed/comment/24536.png', 1, 1632881092, 1632881092),
(65, 177, 1761, 64, 'C:fakepathScreenshot (3).png', '', 1, 1632881997, 1632881997),
(66, 177, 1761, 64, 'C:fakepathScreenshot (3).png', '../img/new_feed/comment/3219.png', 1, 1632882063, 1632882063),
(67, 177, 1761, 64, 'ádasdasd', '', 1, 1632882350, 1632882350),
(68, 177, 1761, 64, 'ádasda', '', 1, 1632882691, 1632882691),
(69, 177, 1761, 64, 'ádasdasd', '', 1, 1632886180, 1632886180),
(70, 177, 1761, 64, 'ádasdasd', '', 1, 1632886185, 1632886185),
(71, 177, 1761, 64, 'rep cmt', '', 1, 1632886588, 1632886588),
(72, 177, 1761, 64, 'cmt', '', 1, 1632886680, 1632886680),
(73, 177, 1761, 64, 'cmt', '../img/new_feed/comment/23539.png', 1, 1632886691, 1632886691),
(74, 177, 1761, 64, '', '../img/new_feed/comment/19068.png', 1, 1632886968, 1632886968),
(75, 177, 1761, 63, 'ádasdas', '', 1, 1632887021, 1632887021),
(76, 177, 1761, 64, 'ádasdasd', '', 1, 1632887039, 1632887039),
(77, 177, 1761, 63, 'ádasdasd', '', 1, 1632887043, 1632887043),
(78, 177, 1761, 64, '.', '', 1, 1632887064, 1632887064),
(79, 177, 1761, 62, 'ádasd', '', 1, 1632887134, 1632887134),
(80, 177, 1761, 63, 'ádasdasd', '', 1, 1632887137, 1632887137),
(81, 177, 1761, 64, 'ádasdsasd', '', 1, 1632887140, 1632887140),
(82, 177, 1761, 64, '', '../img/new_feed/comment/95.png', 1, 1632887158, 1632887158),
(83, 177, 1761, 64, '', '../img/new_feed/comment/207.png', 1, 1632887162, 1632887162),
(84, 177, 1761, 62, 'đâsdasd', '', 1, 1632904361, 1632904361),
(86, 177, 1761, 85, 'ádasdasd', '', 1, 1632904554, 1632904554),
(87, 177, 1761, 85, 'ádasdasd', '', 1, 1632904632, 1632904632),
(88, 177, 1761, 85, 'ádasdas', '', 1, 1632907841, 1632907841),
(89, 177, 1761, 63, 'ádasdas', '', 1, 1632908580, 1632908580),
(90, 177, 1761, 62, 'ádasdasd', '', 1, 1632908583, 1632908583),
(91, 177, 1761, 62, 'aaaa', '', 1, 1632908589, 1632908589),
(92, 177, 1761, 60, 'khanh khanh', '', 1, 1632908614, 1632908614),
(93, 177, 1761, 64, 'andnad,ad', '', 1, 1632992459, 1632992459),
(94, 177, 1761, 0, 'ádasdasd', '', 1, 1632992586, 1632992586),
(95, 177, 1761, 0, 'ádasdasd', '', 1, 1632992694, 1632992694),
(96, 177, 1761, 0, 'ádasdasd', '', 1, 1632992700, 1632992700),
(97, 177, 1761, 0, 'ádasdasd', '', 1, 1632992717, 1632992717),
(98, 177, 1761, 0, 'ádasda', '', 1, 1632993006, 1632993006),
(99, 177, 1761, 0, 'eqwqwe', '', 1, 1632993220, 1632993220),
(100, 177, 1761, 99, 'ưeqeqwe', '', 1, 1632993223, 1632993223),
(101, 177, 1761, 0, 'ádasdasd', '', 1, 1632993439, 1632993439),
(102, 177, 1761, 101, 'ádadasd', '', 1, 1632993443, 1632993443),
(103, 177, 1761, 101, 'âsdasd', '', 1, 1632993488, 1632993488),
(104, 177, 1761, 0, 'ádasd', '', 1, 1632993751, 1632993751),
(105, 177, 1761, 104, 'ádasdasd', '', 1, 1632993756, 1632993756),
(106, 177, 1761, 104, 'cmtcke', '../img/new_feed/comment/29336.png', 1, 1632994694, 1632994694),
(107, 188, 1761, 0, 'qewq', '', 1, 1634140589, 1634140589),
(108, 188, 1761, 107, 'ew', '', 1, 1634140592, 1634140592),
(109, 188, 1761, 107, 'edd', '', 1, 1634140596, 1634140596),
(110, 208, 1761, 0, 'ádasd', '', 1, 1634196433, 1634196433),
(111, 220, 2164, 0, 'zxczxczx', '', 1, 1634197618, 1634197618),
(112, 220, 2164, 111, 'zxczxcz', '', 1, 1634197623, 1634197623),
(113, 220, 2164, 111, '', '../img/new_feed/comment/209986558.jpeg', 1, 1634197640, 1634197640),
(114, 208, 1761, 0, 'dsdadas', '', 1, 1634199030, 1634199030),
(115, 208, 1761, 0, 'dsad', '', 1, 1634199273, 1634199273),
(116, 208, 1761, 0, 'sdsd', '', 1, 1634199276, 1634199276),
(117, 223, 2498, 0, 'đâsad', '', 1, 1634202749, 1634202749),
(118, 223, 2498, 0, 'asdsa', '', 1, 1634203710, 1634203710),
(119, 224, 2498, 0, 'ssd', '', 1, 1634347688, 1634347688),
(120, 225, 1636, 0, 'đây là bình luận', '', 1, 1634626844, 1634626844),
(121, 225, 1636, 0, '', '../img/new_feed/comment/818958478.jpg', 1, 1634626858, 1634626858),
(122, 226, 1636, 0, '', '../img/new_feed/comment/701122121.jpg', 1, 1634626893, 1634626893),
(123, 228, 1636, 0, '', '../img/new_feed/comment/1645431276.jpg', 1, 1634629686, 1634629686),
(124, 263, 1636, 0, 'gagwhwdddd', '', 1, 1634632586, 1634632602),
(125, 124, 1636, 0, '', '../img/new_feed/comment/2107427525.jpg', 1, 1634632611, 1634632611),
(126, 279, 1636, 0, 'ỏ', '', 1, 1634635845, 1634635845),
(127, 281, 1636, 0, 'đây là bình luận', '', 1, 1634647554, 1634647554),
(128, 281, 1636, 0, '', '../img/new_feed/comment/1921492532.jpg', 1, 1634647566, 1634647566),
(129, 281, 1636, 128, '1234', '', 1, 1634648094, 1634648094),
(130, 301, 1636, 0, 'hú hú', '', 1, 1634698229, 1634698229),
(131, 302, 1750, 0, 'xin chào', '', 1, 1634713138, 1634713138),
(132, 308, 2498, 0, 'adasd', '../img/new_feed/comment/1218601357.png', 1, 1634716402, 1634716402),
(133, 219, 2164, 0, '123123', '', 1, 1634726073, 1634726073),
(134, 322, 2498, 0, 'asdsa', '', 1, 1634726083, 1634726083),
(135, 219, 2164, 0, '123123', '', 1, 1634726089, 1634726089),
(136, 222, 1761, 0, 'hi', '', 1, 1634726214, 1634726214),
(137, 324, 1761, 0, 'Hi', '', 1, 1634726362, 1634726362),
(138, 333, 1664, 0, 'Oke', '', 1, 1634785601, 1634785610),
(139, 333, 1664, 138, 'Eo, ko đi được đâu...muộn lắm', '', 1, 1634802092, 1634802092),
(140, 333, 1664, 138, 'Hú hú,aemmmmmmmmmmmm', '', 1, 1634802109, 1634802109),
(141, 342, 1664, 0, 'oke men', '', 1, 1634802645, 1634802645),
(142, 342, 1664, 0, 'okeee bajnnn nhé', '', 1, 1634802845, 1634802845),
(143, 334, 1664, 0, '', '../img/new_feed/comment/97366133.jpg', 1, 1634803149, 1634803149),
(144, 334, 1664, 0, '', '../img/new_feed/comment/2065440598.jpg', 1, 1634803150, 1634803150),
(145, 333, 1664, 138, 'Eo, ko đi được đâu...muộn lắm', '', 1, 1634806331, 1634806331),
(146, 333, 1664, 138, 'đi chứ', '', 1, 1634806339, 1634806339),
(147, 343, 168, 0, 'NGON QUÁ NHỈ', '', 1, 1635068584, 1635068584),
(148, 349, 2498, 0, 'Khanh oc', '', 1, 1635156454, 1635156454),
(149, 349, 2498, 0, 'kkk', '', 1, 1635156639, 1635156639),
(150, 349, 2498, 0, 'Khanh db', '', 1, 1635156754, 1635156754),
(151, 349, 2498, 0, 'VK', '', 1, 1635157036, 1635157036),
(152, 349, 2498, 151, 'aadsada', '', 1, 1635157914, 1635157914),
(153, 342, 1664, 0, 'oke chị ạ', '', 1, 1635163332, 1635163332),
(154, 342, 1664, 0, 'Hiiii, vâng ạ', '', 1, 1635163448, 1635163448),
(155, 364, 2498, 0, 'Ghjj', '', 1, 1635304370, 1635304370),
(156, 365, 2498, 0, 'adas', '', 1, 1635385152, 1635385152),
(157, 371, 2498, 0, 'das', '', 1, 1635388382, 1635388382),
(158, 371, 2498, 0, 'ads', '', 1, 1635388732, 1635388732),
(159, 371, 2498, 0, 'aasd', '', 1, 1635388794, 1635388794),
(160, 371, 2498, 0, '11111', '', 1, 1635388832, 1635388832),
(161, 381, 2498, 0, 'asd', '', 1, 1635407722, 1635407722),
(162, 381, 2498, 0, 'asd', '', 1, 1635407722, 1635407722),
(163, 386, 2498, 0, 'asdsdsad', '', 1, 1635410171, 1635410171),
(164, 385, 2498, 0, 'ádasd', '', 1, 1635411822, 1635411822),
(165, 385, 2498, 0, 'ádsa', '', 1, 1635412000, 1635412000),
(166, 385, 2498, 165, 'ádas', '', 1, 1635412002, 1635412002),
(167, 385, 2498, 0, 'á', '', 1, 1635412014, 1635412014),
(168, 385, 2498, 167, 'aa', '', 1, 1635412172, 1635412172),
(169, 385, 2498, 167, 'd', '', 1, 1635412223, 1635412236),
(170, 385, 2498, 167, 'ád', '', 1, 1635412243, 1635412243),
(171, 386, 2498, 163, 'asds', '', 1, 1635412776, 1635412776),
(172, 386, 2498, 163, 'asd', '', 1, 1635412894, 1635412894),
(173, 386, 2498, 163, 'asd', '', 1, 1635413053, 1635413053),
(174, 386, 2498, 163, 'adsasdas1111', '', 1, 1635413152, 1635413152),
(175, 386, 2498, 163, 'asd`11111', '', 1, 1635413195, 1635413195),
(176, 386, 2498, 163, 'asdas', '', 1, 1635413302, 1635413302),
(177, 386, 2498, 163, 'sadsa11', '', 1, 1635413348, 1635413348),
(178, 386, 2498, 0, 'asda', '', 1, 1635413378, 1635413378),
(179, 386, 2498, 163, 'asdasass', '', 1, 1635413446, 1635413446),
(180, 386, 2498, 163, 'asdsda', '', 1, 1635413496, 1635413496),
(181, 386, 2498, 163, 'dasd', '', 1, 1635413581, 1635413581),
(182, 386, 2498, 163, 'xczx', '', 1, 1635413619, 1635413619),
(183, 386, 2498, 163, 'sdasd', '', 1, 1635413649, 1635413649),
(184, 386, 2498, 163, 'sasdas', '', 1, 1635413678, 1635413678),
(185, 386, 2498, 163, 'asdsdsa', '', 1, 1635413710, 1635413710),
(186, 386, 2498, 163, 'asdas', '', 1, 1635413734, 1635413734),
(187, 386, 2498, 163, 'asdasdd', '', 1, 1635413785, 1635413785),
(188, 386, 2498, 163, 'sadasd', '', 1, 1635414395, 1635414395),
(189, 386, 2498, 163, 'dd', '', 1, 1635414430, 1635414430),
(190, 386, 2498, 163, 'sas', '', 1, 1635414492, 1635414492),
(191, 386, 2498, 178, 'das', '', 1, 1635414566, 1635414566),
(192, 386, 2498, 0, 'd', '', 1, 1635414595, 1635414595),
(193, 386, 2498, 163, 'd', '', 1, 1635414616, 1635414616),
(194, 386, 2498, 163, 'ddsd', '', 1, 1635414670, 1635414670),
(195, 386, 2498, 192, 'dsad', '', 1, 1635414759, 1635414759),
(196, 386, 2498, 192, 'asdas', '', 1, 1635414795, 1635414795),
(197, 386, 2498, 192, 'sdsd', '', 1, 1635414834, 1635414834),
(198, 386, 2498, 192, 'asdsad', '', 1, 1635414884, 1635414884),
(199, 386, 2498, 0, 'asd111', '', 1, 1635414900, 1635414900),
(200, 386, 2498, 199, 'sdsa', '', 1, 1635415492, 1635415492),
(201, 386, 2498, 192, 'dasd', '', 1, 1635415499, 1635415499),
(202, 386, 2498, 199, 'sdsa', '', 1, 1635415595, 1635415595),
(203, 386, 2498, 199, 'dd', '', 1, 1635415852, 1635415852),
(204, 386, 2498, 0, 'asdsa', '../img/new_feed/comment/1613838248.png', 1, 1635494541, 1635494541),
(205, 385, 2498, 167, 'sdasd', '', 1, 1635495737, 1635495737),
(206, 385, 2498, 167, 'dsad', '../img/new_feed/comment/1855470028.png', 1, 1635495748, 1635495748),
(207, 386, 2498, 199, 'sadas', '../img/new_feed/comment/193003670.png', 1, 1635495842, 1635495842),
(208, 390, 1664, 0, 'vâng ạ, mà cho e hỏi chút với', '', 1, 1635733592, 1635733618),
(209, 390, 1664, 208, 'oke anh Hưng', '', 1, 1635733600, 1635733600),
(210, 393, 1664, 0, 'oke chị nhé', '', 1, 1635735320, 1635735320),
(211, 399, 1664, 0, 'hú hú', '', 1, 1635825954, 1635825954),
(212, 399, 1664, 0, 'cực thú vị', '', 1, 1635825962, 1635825962),
(213, 399, 1664, 0, 'cực hayyyy các bạn ơi', '', 1, 1635825972, 1635825972),
(214, 399, 1664, 0, 'lạ thật, ko thể hiểu nội', '', 1, 1635825995, 1635825995),
(215, 399, 1664, 0, 'sao lại thể nhỉ ', '', 1, 1635826001, 1635826001),
(216, 399, 1664, 215, 'ai vậy c ơi, check giúp t vs', '', 1, 1635826013, 1635826013),
(217, 402, 1761, 0, 'xin chào', '', 1, 1635839058, 1635839058),
(218, 402, 1761, 0, 'helo', '', 1, 1635839064, 1635839064),
(219, 402, 1761, 218, 'uê', '', 1, 1635839069, 1635839069),
(220, 0, 1761, 217, 'ú òa', '', 1, 1635839073, 1635839073),
(221, 402, 1761, 0, 'í chà chà', '../img/new_feed/comment/42578853.png', 1, 1635839880, 1635839880),
(222, 206, 1761, 0, 'sgg', '', 1, 1635841323, 1635841323),
(223, 205, 1761, 0, 'hayyyy', '', 1, 1635841331, 1635841331),
(224, 422, 1761, 0, 'Ú òa', '', 1, 1635912589, 1635912589),
(225, 423, 1761, 0, 'Dgyghij', '', 1, 1635989962, 1635989962),
(226, 427, 1664, 0, 'oke chị ơi', '', 1, 1636683471, 1636683471),
(227, 433, 1636, 0, '1234', '', 1, 1636773180, 1636773180),
(228, 433, 1636, 227, '5678', '', 1, 1636773189, 1636773189),
(229, 433, 1636, 0, 'cho thuê nhà ', '../img/new_feed/comment/1930947430.PNG', 1, 1636773213, 1636773249),
(230, 433, 2693, 229, '12345', '', 2, 1636773303, 1636773303);

-- --------------------------------------------------------

--
-- Cấu trúc bảng cho bảng `comment_core_value`
--

CREATE TABLE `comment_core_value` (
  `id` int(11) NOT NULL,
  `id_core` int(11) NOT NULL,
  `id_user` int(11) NOT NULL,
  `id_parent` int(11) NOT NULL,
  `content` text COLLATE utf8_unicode_ci NOT NULL,
  `image` text COLLATE utf8_unicode_ci NOT NULL,
  `user_type` varchar(255) COLLATE utf8_unicode_ci NOT NULL,
  `created_at` int(11) NOT NULL,
  `updated_at` int(11) NOT NULL
) ENGINE=InnoDB DEFAULT CHARSET=utf8 COLLATE=utf8_unicode_ci;

--
-- Đang đổ dữ liệu cho bảng `comment_core_value`
--

INSERT INTO `comment_core_value` (`id`, `id_core`, `id_user`, `id_parent`, `content`, `image`, `user_type`, `created_at`, `updated_at`) VALUES
(2, 16, 2498, 0, 'vuong2', '', '1', 1634262797, 1634262797),
(3, 16, 2498, 2, 'sdsa', '', '1', 1634263852, 1634263852),
(4, 16, 2498, 2, 'sadsadas', '', '1', 1634264420, 1634264420),
(5, 16, 2498, 2, 'a', '', '1', 1634264500, 1634264500),
(6, 16, 2498, 2, 'ád', '', '1', 1634264535, 1634264535),
(7, 16, 2498, 2, '1', '', '1', 1634264871, 1634264871),
(8, 16, 2498, 2, '2', '', '1', 1634264894, 1634264894),
(9, 16, 2498, 2, 'd', '', '1', 1634265467, 1634265467),
(10, 16, 2498, 2, 'd', '', '1', 1634265479, 1634265479),
(11, 16, 2498, 2, 'd', '', '1', 1634265554, 1634265554),
(12, 16, 2498, 2, 'q', '', '1', 1634265673, 1634265673),
(13, 16, 2498, 2, 'q', '', '1', 1634265697, 1634265697),
(14, 16, 2498, 2, '1', '', '1', 1634265784, 1634265784),
(15, 16, 2498, 2, 'a', '', '1', 1634266229, 1634266229),
(16, 16, 2498, 0, 'aaa', '', '1', 1634266244, 1634266244),
(17, 16, 2498, 0, 'a', '', '1', 1634266248, 1634266248),
(18, 16, 2498, 0, '1', '', '1', 1634266249, 1634266249),
(19, 16, 2498, 18, 'qqq', '', '1', 1634267750, 1634267750),
(20, 16, 2498, 0, 'a', '', '1', 1634267986, 1634267986),
(21, 16, 2498, 0, '11', '', '1', 1634268644, 1634268644),
(22, 16, 2498, 0, 'qq', '', '1', 1634268682, 1634268682),
(23, 16, 2498, 0, '22', '', '1', 1634268713, 1634268713),
(24, 16, 2498, 0, 'qw', '', '1', 1634268726, 1634268726),
(25, 16, 2498, 0, 'sss', '', '1', 1634268751, 1634268751),
(26, 16, 2498, 0, 'đ', '', '1', 1634268853, 1634268853),
(27, 16, 2498, 0, 'ss', '', '1', 1634268880, 1634268880),
(28, 16, 2498, 27, 'd', '', '1', 1634269066, 1634269066),
(29, 16, 2498, 0, 'cc', '', '1', 1634269474, 1634269474),
(31, 16, 2498, 0, 'dddd', '', '1', 1634269558, 1634269558),
(32, 16, 2498, 31, '1111', '', '1', 1634269569, 1634269569),
(33, 16, 2498, 0, 'c', '', '1', 1634269655, 1634269655),
(34, 16, 2498, 0, 'qw', '', '1', 1634269685, 1634269685),
(35, 16, 2498, 0, 'ss', '', '1', 1634270105, 1634270105),
(36, 16, 2498, 0, 'gg', '', '1', 1634270135, 1634270135),
(37, 18, 2498, 0, 'aaaa', '', '1', 1634286253, 1634286253),
(38, 18, 2498, 0, 'aaaa', '', '1', 1634286254, 1634286254),
(40, 18, 2498, 0, 'aaaa', '', '1', 1634286255, 1634286255),
(41, 18, 2498, 0, 'aaaa', '', '1', 1634286255, 1634286255),
(42, 19, 2498, 0, 'sdas', '', '1', 1634346807, 1634346807),
(43, 18, 2498, 0, 'asd', '', '1', 1635307019, 1635307019),
(44, 18, 2498, 0, 'adssd', '', '1', 1635307198, 1635307198),
(45, 18, 2498, 0, 'asas', '', '1', 1635307221, 1635307221),
(46, 19, 2498, 0, 'sds', '', '1', 1635307271, 1635307271),
(47, 19, 2498, 0, 'asds11', '', '1', 1635307357, 1635307357),
(48, 19, 2498, 47, 'ads', '', '1', 1635307366, 1635307366),
(49, 19, 2498, 47, 'ads', '', '1', 1635307420, 1635307420),
(50, 18, 2498, 45, 'asdasd', '', '1', 1635307961, 1635307961),
(51, 18, 2498, 45, 'asddasd', '', '1', 1635307981, 1635307981),
(52, 19, 2498, 47, 'asdasd', '', '1', 1635307997, 1635307997),
(53, 19, 2498, 47, 'adsd', '', '1', 1635308036, 1635308036),
(54, 19, 2498, 47, 'sad', '', '1', 1635308038, 1635308038),
(55, 19, 2498, 47, 'sds', '', '1', 1635308059, 1635308059),
(56, 19, 2498, 47, 'sadas', '', '1', 1635308143, 1635308143),
(57, 19, 2498, 0, 'dasd', '', '1', 1635308630, 1635308630),
(58, 19, 2498, 57, 'asd', '', '1', 1635308634, 1635308634),
(59, 19, 2498, 0, 'asd', '', '1', 1635308909, 1635308909),
(60, 19, 2498, 0, 'asdsad', '../img/vanhoadoanhnghiep/core_value/comment/103513467.png', '1', 1635497209, 1635497209),
(61, 19, 2498, 0, 'asdsad', '../img/vanhoadoanhnghiep/core_value/comment/1224086607.png', '1', 1635497215, 1635497215),
(63, 19, 2498, 0, 'sadas', '../img/vanhoadoanhnghiep/core_value/comment/655931481.png', '1', 1635497430, 1635497430),
(64, 36, 2498, 36, 'asdsadas', '../img/vanhoadoanhnghiep/core_value/comment/461733740.png', '1', 1635498206, 1635498206),
(65, 19, 2498, 63, 'dddadas111sddd', '', '1', 1635498463, 1635498655),
(66, 19, 2498, 0, 'asdas', '', '1', 1635498732, 1635498732),
(67, 19, 2498, 63, 'asdasd', '', '1', 1635498742, 1635498742),
(68, 63, 2498, 63, 'adsa', '', '1', 1635498749, 1635498749),
(69, 63, 2498, 63, 'assdas', '', '1', 1635498755, 1635498755),
(70, 19, 2498, 0, 'sadasd', '', '1', 1635498855, 1635498855),
(71, 19, 2498, 0, 'asdsad', '', '1', 1635498944, 1635498944),
(72, 19, 2498, 0, 'adas', '', '1', 1635499011, 1635499011),
(73, 19, 2498, 72, 'adsa', '', '1', 1635499015, 1635499015),
(74, 9, 1761, 0, 'adjcxhkcndskjnjsmckl', '', '1', 1635913909, 1635913920);

-- --------------------------------------------------------

--
-- Cấu trúc bảng cho bảng `comment_knowledge`
--

CREATE TABLE `comment_knowledge` (
  `id` int(11) NOT NULL,
  `knowledge_answer_id` int(11) DEFAULT NULL,
  `id_user` int(11) DEFAULT NULL,
  `content` text,
  `user_type` tinyint(4) NOT NULL,
  `id_parent` int(11) NOT NULL DEFAULT '0',
  `created_at` int(12) DEFAULT NULL,
  `updated_at` int(12) DEFAULT NULL
) ENGINE=InnoDB DEFAULT CHARSET=utf8mb4;

--
-- Đang đổ dữ liệu cho bảng `comment_knowledge`
--

INSERT INTO `comment_knowledge` (`id`, `knowledge_answer_id`, `id_user`, `content`, `user_type`, `id_parent`, `created_at`, `updated_at`) VALUES
(77, 12, 1761, 'sdsa', 1, 0, 1631934646, 1631934646),
(78, 77, 1761, 'đádsd', 1, 89, 1631934833, NULL),
(79, 12, 1761, 'eq', 1, 0, 1631936224, 1631936224),
(80, 12, 1761, '111', 1, 0, 1631936463, 1631936463),
(81, 12, 1761, '111', 1, 0, 1631936565, 1631936565),
(82, 12, 1761, 'qq', 1, 0, 1631936573, 1631936573),
(83, 12, 1761, 'qq', 1, 0, 1631936575, 1631936575),
(84, 12, 1761, '11', 1, 0, 1631936593, 1631936593),
(85, 12, 1761, '22', 1, 0, 1631936792, 1631936792),
(86, 12, 1761, '33', 1, 0, 1631936795, 1631936795),
(87, 12, 1761, '44', 1, 0, 1631936796, 1631936796),
(88, 12, 1761, 'ưqe', 1, 0, 1631936813, 1631936813),
(89, 12, 1761, 'ưeqw', 1, 0, 1631936877, 1631936877),
(90, 89, 1761, 'dá', 1, 89, 1631937280, NULL),
(91, 89, 1761, 'dá', 1, 89, 1631937750, NULL),
(92, 89, 1761, '11', 1, 89, 1631937843, NULL),
(93, 89, 1761, '22', 1, 89, 1631937858, NULL),
(94, 89, 1761, '22', 1, 89, 1631937863, NULL),
(95, 12, 1761, 'dsd', 1, 0, 1631937874, 1631937874),
(96, 12, 1761, 'qư', 1, 0, 1631937906, 1631937906),
(97, 7, 1761, 'dsa', 1, 0, 1631937928, 1631937928),
(98, 7, 1761, 'qưe', 1, 0, 1631937935, 1631937935),
(99, 7, 1761, 'ds', 1, 0, 1631938362, 1631938362),
(100, 99, 1761, 'sadas', 1, 99, 1631938365, NULL),
(101, 11, 1761, 'dasdas', 1, 0, 1633745784, 1633745784),
(102, 11, 1761, 'dasdas', 1, 0, 1633745784, 1633745784),
(103, 102, 1761, 'dsdsa', 1, 102, 1633745794, NULL),
(104, 11, 1761, 'sd', 1, 0, 1634088366, 1634088366),
(105, 13, 1636, 'ỏ, hôm nay trời đẹp quá nhỉ', 1, 0, 1634635797, 1634635797),
(106, 15, 1636, 'rtyuu', 1, 0, 1634699911, 1634699911),
(107, 106, 1636, 'fghjjj', 1, 106, 1634699925, NULL),
(108, 16, 2498, 'dasasd', 1, 0, 1635475208, 1635475208),
(109, 27, 2498, 'sadasdfffff222', 1, 0, 1635478304, 1635478304),
(110, 27, 2498, 'dasddddd111', 1, 0, 1635478308, 1635478308),
(112, 111, 2498, 'asds', 1, 111, 1635478885, NULL),
(113, 111, 2498, 'asdasd', 1, 111, 1635479671, NULL),
(114, 110, 2498, 'asdas111f3333444555dddasd', 1, 110, 1635480686, NULL),
(115, 27, 2498, 'asd1111', 1, 0, 1635481858, 1635481858),
(117, 27, 2498, 'dsddd', 1, 0, 1635503492, 1635503492),
(118, 117, 2498, 'sdsad', 1, 117, 1635503716, NULL),
(119, 27, 2498, 'dsda', 1, 0, 1635503783, 1635503783),
(120, 119, 2498, 'dsddd', 1, 119, 1635503787, NULL),
(121, 27, 2498, 'sdas', 1, 0, 1635503985, 1635503985),
(122, 30, 1761, 'ạn nghĩ sao', 1, 0, 1635905036, 1635905036),
(123, 122, 1761, 'qưewg', 1, 122, 1635905252, NULL),
(124, 29, 1761, 'uê', 1, 0, 1635905352, 1635905352),
(125, 33, 1664, 'yeeeh thông minh cực, hí hí', 1, 0, 1636709326, 1636709326),
(126, 125, 1664, 'đúng r', 1, 125, 1636716949, NULL),
(127, 125, 1664, 'đúng r', 1, 125, 1636716949, NULL),
(128, 33, 1664, 'có đúng vậy ko nhỉ', 1, 0, 1636716978, 1636716978),
(129, 33, 1664, 'hí hí', 1, 0, 1636716986, 1636716986),
(130, 33, 1664, 'hú hú', 1, 0, 1636717004, 1636717004);

-- --------------------------------------------------------

--
-- Cấu trúc bảng cho bảng `comment_target`
--

CREATE TABLE `comment_target` (
  `id` int(10) NOT NULL,
  `id_target` int(11) NOT NULL,
  `id_user` int(11) NOT NULL,
  `id_parent` int(11) NOT NULL,
  `content` text COLLATE utf8_unicode_ci NOT NULL,
  `image` varchar(255) COLLATE utf8_unicode_ci NOT NULL,
  `user_type` int(11) NOT NULL,
  `created_at` int(11) NOT NULL,
  `updated_at` int(11) NOT NULL
) ENGINE=InnoDB DEFAULT CHARSET=utf8 COLLATE=utf8_unicode_ci;

--
-- Đang đổ dữ liệu cho bảng `comment_target`
--

INSERT INTO `comment_target` (`id`, `id_target`, `id_user`, `id_parent`, `content`, `image`, `user_type`, `created_at`, `updated_at`) VALUES
(1, 3, 1761, 0, 'qưeqweqwe', '', 1, 1633572504, 1633572504),
(2, 3, 1761, 0, 'ádasdasd', '', 1, 1633572602, 1633572602),
(3, 3, 1761, 0, 'ádadsad adasdad', '', 1, 1633572745, 1633576379),
(4, 3, 1761, 0, 'đâsdasd', '', 1, 1633572862, 1633572862),
(5, 3, 1761, 0, 'sadasdasd', '', 1, 1633572880, 1633572880),
(6, 3, 1761, 0, 'asdasd', '', 1, 1633572923, 1635500970),
(7, 3, 1761, 0, 'ádadsad dâsd', '', 1, 1633575766, 1633576505),
(8, 3, 1761, 0, 'ádasdasd ádasdasdádasd', '', 1, 1633576735, 1633577102),
(9, 3, 1761, 6, '', '../img/vanhoadoanhnghiep/target/comment/22859.png', 1, 1633578805, 1633594313),
(10, 3, 1761, 6, 'ádasdasd', '../img/vanhoadoanhnghiep/target/comment/21516.png', 1, 1633578854, 1633578854),
(11, 3, 1761, 6, '', '../img/vanhoadoanhnghiep/target/comment/14446.png', 1, 1633592996, 1633592996),
(12, 3, 1761, 6, 'ádasdasd ewrerwer', '../img/vanhoadoanhnghiep/target/comment/9923.png', 1, 1633593093, 1633594329),
(13, 3, 1761, 8, '', '../img/vanhoadoanhnghiep/target/comment/6934.png', 1, 1633593294, 1633593829),
(14, 3, 1761, 8, 'ádasdasdasd qưdqweqwe', '../img/vanhoadoanhnghiep/target/comment/16465.png', 1, 1633593355, 1633594547),
(15, 0, 1761, 8, 'ádasdasd', '', 1, 1633593893, 1633593893),
(16, 0, 1761, 8, 'ấdasdasd', '', 1, 1633593944, 1633593944),
(17, 0, 1761, 8, 'eqweqwe', '../img/vanhoadoanhnghiep/target/comment/27844.png', 1, 1633594028, 1633594076),
(18, 0, 1761, 6, '', '../img/vanhoadoanhnghiep/target/comment/14328.jpg', 1, 1633594172, 1633594201),
(19, 0, 1761, 6, 'ádasdasd', '', 1, 1633594398, 1633594398),
(20, 0, 1761, 8, 'ádasd', '../img/vanhoadoanhnghiep/target/comment/26111.png', 1, 1633599040, 1633599052),
(21, 0, 1761, 8, 'ádasdasd adsadas', '../img/vanhoadoanhnghiep/target/comment/12421.png', 1, 1633599053, 1633599314),
(22, 0, 1761, 7, 'qưeqweqwe', '', 1, 1633599431, 1633599622),
(23, 0, 1761, 7, 'qưeqweqwe', '../img/vanhoadoanhnghiep/target/comment/11694.png', 1, 1633599651, 1633599651),
(24, 0, 1761, 7, 'ádasd', '../img/vanhoadoanhnghiep/target/comment/12615.png', 1, 1633599673, 1633599682),
(25, 0, 1761, 7, '', '../img/vanhoadoanhnghiep/target/comment/24158.png', 1, 1633599684, 1633599684),
(26, 1, 1761, 0, 'ádasdasd', '', 1, 1633599716, 1633599873),
(27, 0, 1761, 26, 'ádasdasd adsdasd', '', 1, 1633599879, 1633599894),
(28, 4, 2498, 0, 'đasa', '', 1, 1634261463, 1634261463),
(29, 4, 2498, 0, 'adsad', '', 1, 1634261645, 1634261645),
(30, 5, 2498, 0, 'asd', '', 1, 1634281746, 1634281746),
(31, 6, 2498, 0, 'qqq', '', 1, 1634285896, 1634285896),
(32, 6, 2498, 0, '1111', '', 1, 1634286081, 1634286081),
(33, 6, 2498, 0, 'sdsd', '../img/vanhoadoanhnghiep/target/comment/1732905300.png', 1, 1634286094, 1634286094),
(34, 6, 2498, 0, 'dasdsa', '', 1, 1634286102, 1634286102),
(35, 7, 2498, 0, 'dsa', '', 1, 1634346998, 1634346998),
(36, 7, 2498, 0, 'd', '', 1, 1634347003, 1634347003),
(37, 6, 2498, 0, 'sd', '', 1, 1635499033, 1635499033),
(38, 6, 2498, 0, 'asdasd', '../img/vanhoadoanhnghiep/target/comment/129938891.png', 1, 1635500483, 1635500483),
(39, 6, 2498, 0, 'asdasdqqqddddqqqq', '', 1, 1635500516, 1635502186),
(40, 0, 2498, 39, 'sdas', '', 1, 1635501301, 1635501301),
(41, 0, 2498, 39, 'dasd', '../img/vanhoadoanhnghiep/target/comment/1820202470.png', 1, 1635501372, 1635501372),
(42, 0, 2498, 39, 'adasda', '', 1, 1635501495, 1635501495),
(43, 0, 2498, 39, 'sdsad', '', 1, 1635501502, 1635501502),
(44, 0, 2498, 39, 'dasd', '', 1, 1635501527, 1635501527),
(45, 0, 2498, 39, 'dasd', '', 1, 1635501530, 1635501530),
(46, 6, 2498, 0, 'sadasdasdsadddd', '../img/vanhoadoanhnghiep/target/comment/411357177.png', 1, 1635502200, 1635502236),
(49, 0, 2498, 46, 'sdasddddfffffffrrrrdddvfffffff', '', 1, 1635502868, 1635503423);

-- --------------------------------------------------------

--
-- Cấu trúc bảng cho bảng `comment_working_rules`
--

CREATE TABLE `comment_working_rules` (
  `id` int(12) NOT NULL,
  `id_working_rules` int(10) NOT NULL,
  `id_user` int(10) NOT NULL,
  `id_parent` int(10) NOT NULL,
  `content` text NOT NULL,
  `image` varchar(255) NOT NULL,
  `user_type` int(10) NOT NULL,
  `created_at` int(12) NOT NULL,
  `updated_at` int(12) NOT NULL
) ENGINE=InnoDB DEFAULT CHARSET=utf8;

--
-- Đang đổ dữ liệu cho bảng `comment_working_rules`
--

INSERT INTO `comment_working_rules` (`id`, `id_working_rules`, `id_user`, `id_parent`, `content`, `image`, `user_type`, `created_at`, `updated_at`) VALUES
(1, 12, 2498, 0, 'aaaa', '', 1, 1634289873, 1634289873),
(2, 12, 2498, 0, 'ssss', '../img/vanhoadoanhnghiep/nguyen_tac/comment/1848248954.png', 1, 1634289916, 1634289916),
(3, 13, 4074, 0, 'dsdsad', '', 2, 1634377711, 1634377711),
(4, 13, 2498, 0, 'asdas', '', 1, 1634378356, 1634378356),
(5, 13, 2498, 0, 'dasd', '', 1, 1635308663, 1635308663),
(6, 13, 2498, 0, 'asdsa', '', 1, 1635308867, 1635308867),
(7, 18, 2498, 0, 'dsaddd', '', 1, 1635469352, 1635469352),
(8, 18, 2498, 0, 'sdsad', '', 1, 1635470203, 1635470203),
(9, 18, 2498, 0, 'ádasád', '', 1, 1635470254, 1635470254),
(10, 18, 2498, 0, 'asdsad', '', 1, 1635470338, 1635470338),
(11, 18, 2498, 0, 'sadsa', '', 1, 1635470353, 1635470353),
(12, 13, 2498, 0, 'asd', '', 1, 1635470371, 1635470371),
(13, 18, 2498, 0, 'sad', '', 1, 1635470399, 1635470399),
(14, 18, 2498, 0, 'asd', '', 1, 1635470410, 1635470410),
(15, 18, 2498, 0, '1111', '', 1, 1635470466, 1635470466),
(16, 15, 2498, 15, 'asds', '', 1, 1635470478, 1635470478),
(17, 18, 2498, 0, 'asd', '', 1, 1635470489, 1635470489),
(18, 17, 2498, 17, 'sadsads', '', 1, 1635470708, 1635491105),
(19, 18, 2498, 0, 'qqqq', '', 1, 1635470792, 1635470792),
(20, 18, 2498, 19, 'asd', '', 1, 1635470799, 1635470799),
(21, 18, 2498, 0, 'asd', '', 1, 1635471166, 1635471166),
(22, 18, 2498, 0, 'asd', '', 1, 1635471247, 1635471247),
(23, 18, 2498, 0, 'das1122244443332223', '', 1, 1635471323, 1635472267),
(24, 18, 2498, 23, 'asd', '', 1, 1635471342, 1635471342),
(25, 22, 2498, 22, 'sda', '', 1, 1635471391, 1635471391),
(26, 23, 2498, 23, 'sdsa', '', 1, 1635471402, 1635471402),
(27, 23, 2498, 0, 'asd', '', 1, 1635471838, 1635471838),
(28, 23, 2498, 0, 'asd', '', 1, 1635471845, 1635471845),
(29, 23, 2498, 0, '111', '', 1, 1635471851, 1635471851),
(30, 18, 2498, 0, 'asd', '', 1, 1635472270, 1635472270),
(31, 18, 2498, 0, 'qqq', '', 1, 1635472279, 1635472279),
(32, 18, 2498, 0, 'qqqqq', '', 1, 1635472291, 1635472291),
(33, 18, 2498, 0, 'eewe', '', 1, 1635472294, 1635472294),
(34, 18, 2498, 0, 'eeee', '', 1, 1635472313, 1635472313),
(35, 18, 2498, 0, '111', '', 1, 1635472342, 1635472342),
(36, 18, 2498, 0, 'asdasd', '', 1, 1635472378, 1635472378),
(37, 18, 2498, 0, 'asd', '', 1, 1635472448, 1635472448),
(38, 18, 2498, 0, 'asd', '', 1, 1635472484, 1635472484),
(39, 18, 2498, 0, '1111', '', 1, 1635472524, 1635472524),
(40, 18, 2498, 0, 'asdsa', '', 1, 1635472559, 1635472559),
(41, 18, 2498, 0, 'sddsad', '', 1, 1635472583, 1635472583),
(42, 18, 2498, 0, '1111', '', 1, 1635472620, 1635472620),
(43, 18, 2498, 0, 'sdas', '', 1, 1635472643, 1635472643),
(44, 18, 2498, 0, '2222', '', 1, 1635472648, 1635472648),
(45, 18, 2498, 0, 'qww', '', 1, 1635472671, 1635472671),
(46, 18, 2498, 0, 'asdas', '', 1, 1635472698, 1635472698),
(47, 18, 2498, 0, '3333', '', 1, 1635472759, 1635472759),
(48, 18, 2498, 0, 'asd', '', 1, 1635472781, 1635472781),
(49, 18, 2498, 0, 'dd111222222233', '', 1, 1635472784, 1635473028),
(50, 49, 2498, 0, 'asd', '', 1, 1635473033, 1635473033),
(51, 49, 2498, 0, 'asd', '', 1, 1635473042, 1635473042),
(52, 49, 2498, 0, 'asd', '', 1, 1635473046, 1635473046),
(53, 18, 2498, 0, 'asdasddqqq222fffgg', '', 1, 1635473065, 1635473253),
(54, 53, 2498, 0, 'saa', '', 1, 1635473126, 1635473126),
(55, 53, 2498, 0, 'asda', '', 1, 1635473162, 1635473162),
(56, 53, 2498, 0, 'asd', '', 1, 1635473262, 1635473262),
(57, 18, 2498, 0, 'sddddasdasd1111444', '', 1, 1635473302, 1635473598),
(58, 57, 2498, 0, 'dsad', '', 1, 1635473322, 1635473322),
(59, 57, 2498, 0, 'asdas', '', 1, 1635473368, 1635473368),
(60, 57, 2498, 0, 'ad', '', 1, 1635473534, 1635473534),
(61, 57, 2498, 0, 'sdaasd', '', 1, 1635473570, 1635473570),
(62, 57, 2498, 0, 'qqqq', '', 1, 1635473601, 1635473601),
(63, 18, 2498, 0, 'asdsadsa', '', 1, 1635473612, 1635473612),
(64, 18, 2498, 0, '1111', '', 1, 1635473640, 1635473640),
(66, 18, 2498, 65, 'das', '', 1, 1635473908, 1635473908),
(70, 64, 2498, 64, 'asdasda', '', 1, 1635475006, 1635475006),
(72, 18, 2498, 0, 'dsa', '../img/vanhoadoanhnghiep/nguyen_tac/comment/715074590.png', 1, 1635477707, 1635477707),
(73, 18, 2498, 0, '', '../img/vanhoadoanhnghiep/nguyen_tac/comment/1918255078.png', 1, 1635478143, 1635478143),
(74, 18, 2498, 0, 'adasdd', '', 1, 1635478218, 1635490553),
(75, 74, 2498, 0, 'đasa', '../img/vanhoadoanhnghiep/nguyen_tac/comment/1607495871.png', 1, 1635490571, 1635490571),
(76, 18, 2498, 0, '', '../img/vanhoadoanhnghiep/nguyen_tac/comment/545121236.png', 1, 1635490672, 1635490672),
(77, 18, 2498, 0, 'sadsads', '../img/vanhoadoanhnghiep/nguyen_tac/comment/641187914.png', 1, 1635491086, 1635491086),
(78, 18, 2498, 0, '', '../img/vanhoadoanhnghiep/nguyen_tac/comment/1775695907.png', 1, 1635491117, 1635491117),
(79, 78, 2498, 78, 'adsdasds', '', 1, 1635492802, 1635492802),
(80, 78, 2498, 78, 'asdasdasdqdasddd', '', 1, 1635493346, 1635493549);

-- --------------------------------------------------------

--
-- Cấu trúc bảng cho bảng `com_create_time`
--

CREATE TABLE `com_create_time` (
  `id` int(10) NOT NULL,
  `id_company` int(10) NOT NULL,
  `time` int(12) NOT NULL,
  `created_at` int(12) NOT NULL,
  `updated_at` int(12) NOT NULL
) ENGINE=InnoDB DEFAULT CHARSET=latin1;

--
-- Đang đổ dữ liệu cho bảng `com_create_time`
--

INSERT INTO `com_create_time` (`id`, `id_company`, `time`, `created_at`, `updated_at`) VALUES
(1, 1761, 1627531962, 1636534836, 1636534836),
(2, 1636, 1626505829, 1636540742, 1636540742),
(3, 2164, 1630998883, 1636614869, 1636614869),
(4, 2840, 1636095391, 1636615527, 1636615527),
(5, 2514, 1634371591, 1636620506, 1636620506),
(6, 1664, 1626687035, 1636683414, 1636683414),
(7, 2498, 1634199696, 1636706576, 1636706576);

-- --------------------------------------------------------

--
-- Cấu trúc bảng cho bảng `config`
--

CREATE TABLE `config` (
  `id` int(11) NOT NULL,
  `id_employee` int(11) DEFAULT NULL,
  `id_module` int(11) DEFAULT NULL,
  `seen` tinyint(4) DEFAULT NULL,
  `delete` tinyint(4) DEFAULT NULL,
  `create` tinyint(4) DEFAULT NULL
) ENGINE=InnoDB DEFAULT CHARSET=utf8mb4;

--
-- Đang đổ dữ liệu cho bảng `config`
--

INSERT INTO `config` (`id`, `id_employee`, `id_module`, `seen`, `delete`, `create`) VALUES
(10, 3430, 1, 0, 0, 0),
(11, 3426, 1, 0, 0, 0),
(12, 3007, 1, 1, 1, 1),
(13, 3007, 2, 1, 1, 1),
(14, 3007, 3, 1, 1, 1),
(15, 3007, 4, 1, 1, 1),
(16, 3007, 5, 1, 1, 1),
(17, 3007, 6, 1, 1, 1),
(19, 4074, 2, 1, 1, 0),
(20, 4074, 3, 1, 0, 0),
(21, 4074, 1, 1, 1, 0),
(22, 4074, 4, 1, 1, 0),
(23, 4074, 6, 1, 1, 1);

-- --------------------------------------------------------

--
-- Cấu trúc bảng cho bảng `config_background`
--

CREATE TABLE `config_background` (
  `id` int(11) NOT NULL,
  `id_user` int(11) NOT NULL,
  `background` varchar(10) COLLATE utf8_unicode_ci NOT NULL,
  `type` int(11) NOT NULL
) ENGINE=InnoDB DEFAULT CHARSET=utf8 COLLATE=utf8_unicode_ci;

--
-- Đang đổ dữ liệu cho bảng `config_background`
--

INSERT INTO `config_background` (`id`, `id_user`, `background`, `type`) VALUES
(1, 1761, 'blue', 1),
(2, 2164, 'blue', 1),
(3, 2498, 'blue', 1),
(4, 4074, '', 2),
(5, 1636, 'blue', 1),
(6, 1750, '', 1),
(7, 57, '', 1),
(8, 1664, 'blue', 1),
(9, 738, '', 1),
(10, 168, '', 1),
(11, 1788, '', 1),
(12, 4098, '', 2),
(13, 457, '', 2),
(14, 1439, '', 2),
(15, 168, '', 2),
(16, 1503, 'blue', 2),
(17, 3006, '', 2),
(18, 4211, '', 2),
(19, 2888, '', 1),
(20, 2899, '', 1),
(21, 2840, '', 1),
(22, 2514, '', 1),
(23, 4706, '', 2),
(24, 2693, '', 2),
(25, 449, '', 2),
(26, 1196, '', 2),
(27, 189, '', 2),
(28, 3959, '', 2),
(29, 2110, '', 2),
(30, 1363, '', 2),
(31, 1850, '', 2),
(32, 738, '', 2),
(33, 3436, '', 2),
(34, 3183, '', 1);

-- --------------------------------------------------------

--
-- Cấu trúc bảng cho bảng `core_value`
--

CREATE TABLE `core_value` (
  `id` int(11) NOT NULL,
  `id_user` int(11) NOT NULL,
  `id_company` int(11) NOT NULL,
  `tittle` varchar(255) NOT NULL,
  `content` text NOT NULL,
  `cover_image` varchar(255) NOT NULL,
  `comment` tinyint(4) NOT NULL DEFAULT '0',
  `option_notify` varchar(255) NOT NULL DEFAULT '0',
  `user_type` int(11) NOT NULL DEFAULT '1',
  `delete` tinyint(4) NOT NULL DEFAULT '0' COMMENT '0 : hiển thị , 1: ẩn',
  `created_at` int(12) NOT NULL,
  `updated_at` int(12) NOT NULL
) ENGINE=InnoDB DEFAULT CHARSET=utf8mb4;

--
-- Đang đổ dữ liệu cho bảng `core_value`
--

INSERT INTO `core_value` (`id`, `id_user`, `id_company`, `tittle`, `content`, `cover_image`, `comment`, `option_notify`, `user_type`, `delete`, `created_at`, `updated_at`) VALUES
(1, 1761, 1761, 'Tên giá trị cốt lõi', 'Nội dung giá trị cốt lõi', '25099.png', 0, '0', 1, 0, 1632123070, 1632123070),
(6, 1636, 1636, 'giá trri cot loi', '123123123', '28747.png', 0, '0', 1, 0, 1632538979, 1632539499),
(7, 1761, 1764, 'asdasdas', 'asdasdasdads', '8603.png', 0, '1', 1, 0, 1632708096, 1632708096),
(9, 1761, 1761, 'giá trị cốt lõi 1', 'Nôi dung giá trị cốt lõi 1', '1039388626.png', 0, '0', 1, 0, 1634196107, 1634196107),
(10, 2498, 0, 'Giá trị cốt lõi 2', 'nôi dung gtcl 2', '1383584277.png', 0, '0', 1, 0, 1634259905, 1634259905),
(11, 2498, 0, 'Gia tri 21', 'noi dung 21', '945486400.png', 0, '0', 1, 0, 1634260778, 1634260778),
(12, 2498, 0, 'Giá trị 21', 'nội dung 21', '1050668216.png', 0, '0', 1, 0, 1634260801, 1634260801),
(13, 2498, 0, 'ád', 'ád', '773630524.png', 0, '0', 1, 0, 1634260843, 1634260843),
(14, 2498, 0, 'q', 'ư', '2033761739.png', 0, '0', 1, 0, 1634260870, 1634260870),
(15, 2498, 2498, 'q', 'ư', '1891741558.png', 0, '0', 1, 0, 1634260886, 1634260886),
(16, 2498, 2498, 'q1', 'ư1', '1691309011.png', 1, '0', 1, 0, 1634260894, 1634281714),
(17, 2498, 2498, 'qqq1111', 'ewwww2222', '1385280853.png', 1, '0', 1, 0, 1634271133, 1634271133),
(18, 2498, 2498, 'qqqq112222', 'qweqwqwew', '1686505693.png', 0, '0', 1, 0, 1634271411, 1634284415),
(19, 2498, 2498, 'giá trị 2', 'nodadsa', '183190271.png', 0, '0', 1, 0, 1634346670, 1634346670),
(20, 1636, 1636, 'Tận tâm - tận lực', 'uôn đặt lợi ích của khách hàng lên trên để nghiên cứu và hoạt động.', '1865495903.jpg', 0, '0', 1, 0, 1634634715, 1634634715),
(21, 1664, 1664, 'luôn mang đến sự hài lòng cho khách hàng', 'Google có một danh sách 10 giá trị cốt lõi được gọi là “Mười điều đúng đắn chúng tôi tin tưởng”:\r\n\r\nTập trung vào khách hàng và thực hiện mọi điều để đạt mục tiêu này.\r\nTốt nhất là tập trung làm một sản phẩm thật tốt.\r\nNhanh bao giờ cũng tốt hơn chậm.\r\nBình đẳng trong công việc\r\nKhông nhất thiết phải ngồi tại bàn làm việc.\r\nBạn có thể kiếm nhiều tiền mà không cần làm việc xấu.\r\nThế giới luôn luôn có nguồn thông tin vô hạn.\r\nHãy để mong muốn khám phá của bạn vượt ra ngoài mọi biên giới.\r\nBạn vẫn có thể rất chững chạc mà không cần mặc 1 bộ vest.\r\nChỉ tuyệt vời thôi là chưa đủ tốt', '1512302087.jpeg', 0, '0', 1, 0, 1635826503, 1635826503),
(22, 1664, 1664, 'trung thành là số 1', 'Mong muốn sâu kín của khách hàng\r\nQuyền sở hữu\r\nPhát minh và Đơn giản hóa\r\nĐúng, rất nhiều\r\nTìm hiểu và tò mò\r\nThuê và phát triển tốt nhất\r\nNhấn mạnh vào các tiêu chuẩn cao nhất\r\nSuy nghĩ lớn\r\nThiên vị cho hành động\r\nTiết kiệm\r\nKiếm được niềm tin\r\nLặn sâu\r\nCó xương sống; Không đồng ý và cam kết\r\nCung cấp kết quả', '1398983353.jpeg', 1, '0', 1, 0, 1635826613, 1635826613),
(23, 1761, 1761, 'giá trị của bạn ở đâu ', 'giá trị cốt lõi', '970426724.png', 0, '0', 1, 0, 1635848791, 1635848791);

-- --------------------------------------------------------

--
-- Cấu trúc bảng cho bảng `cover_image`
--

CREATE TABLE `cover_image` (
  `id` int(11) NOT NULL,
  `id_company` int(11) DEFAULT NULL,
  `link_image` varchar(255) DEFAULT NULL,
  `created_at` int(11) DEFAULT NULL,
  `updated_at` int(11) DEFAULT NULL
) ENGINE=InnoDB DEFAULT CHARSET=utf8mb4;

-- --------------------------------------------------------

--
-- Cấu trúc bảng cho bảng `cover_image_com`
--

CREATE TABLE `cover_image_com` (
  `id` int(10) NOT NULL,
  `id_company` int(10) NOT NULL,
  `cover_image` varchar(255) NOT NULL,
  `created_at` int(12) NOT NULL,
  `updated_at` int(12) NOT NULL
) ENGINE=InnoDB DEFAULT CHARSET=utf8;

--
-- Đang đổ dữ liệu cho bảng `cover_image_com`
--

INSERT INTO `cover_image_com` (`id`, `id_company`, `cover_image`, `created_at`, `updated_at`) VALUES
(1, 0, '28673.png', 0, 0),
(2, 1761, '471374137.jpeg', 1633667834, 1635913388),
(3, 2498, '1407226120.png', 1634207605, 1635328132),
(4, 1636, '390083859.jpeg', 1634632657, 1634648736),
(5, 1664, '248350040.jpeg', 1634803679, 1635163415),
(6, 168, '289179476.jpeg', 1636703429, 1636703429),
(7, 57, '1112355279.jpeg', 1637650742, 1637650742);

-- --------------------------------------------------------

--
-- Cấu trúc bảng cho bảng `department`
--

CREATE TABLE `department` (
  `id` int(10) NOT NULL,
  `dep_id` int(10) DEFAULT NULL,
  `group_id` int(10) DEFAULT NULL,
  `name` varchar(255) DEFAULT NULL,
  `description` text,
  `request_censorship` int(10) DEFAULT NULL COMMENT '1 là có, 2 là không',
  `id_company` int(10) DEFAULT NULL,
  `created_at` int(12) DEFAULT NULL,
  `updated_at` int(12) DEFAULT NULL
) ENGINE=InnoDB DEFAULT CHARSET=utf8;

--
-- Đang đổ dữ liệu cho bảng `department`
--

INSERT INTO `department` (`id`, `dep_id`, `group_id`, `name`, `description`, `request_censorship`, `id_company`, `created_at`, `updated_at`) VALUES
(3, 653, NULL, NULL, 'qqqqqqq1111', 2, 1761, 1634006271, 1634007229),
(4, NULL, 3, NULL, NULL, NULL, 1761, 1634024551, 1634024551),
(5, NULL, 2, NULL, NULL, NULL, 1761, 1634024743, 1634024743),
(6, NULL, 4, NULL, NULL, NULL, 1761, 1634025393, 1634025393),
(7, NULL, 5, NULL, NULL, NULL, 1761, 1634027810, 1634027810),
(8, 0, NULL, NULL, NULL, NULL, 1761, 1634031585, 1634031585),
(9, 0, NULL, NULL, NULL, NULL, 1761, 1634031725, 1634031725),
(10, 0, NULL, NULL, NULL, NULL, 1761, 1634031800, 1634031800),
(11, 576, NULL, NULL, 'Tuyển dụng ', 2, 1636, 1634635080, 1634635131),
(12, 0, NULL, NULL, NULL, NULL, 1636, 1634635159, 1634635159),
(13, 0, NULL, NULL, NULL, NULL, 1636, 1634635159, 1634635159),
(14, 0, NULL, NULL, NULL, NULL, 1636, 1634635160, 1634635160),
(15, 909, NULL, NULL, NULL, NULL, 2498, 1635146947, 1635146947),
(16, NULL, 21, NULL, NULL, NULL, 2498, 1635332481, 1635332481),
(17, 713, NULL, NULL, NULL, NULL, 1664, 1635818912, 1635818912),
(18, 0, NULL, NULL, NULL, NULL, 1636, 1635820177, 1635820177),
(19, 0, NULL, NULL, NULL, NULL, 1636, 1635820178, 1635820178),
(20, 0, NULL, NULL, NULL, NULL, 1636, 1635820182, 1635820182),
(21, 0, NULL, NULL, NULL, NULL, 1636, 1635820182, 1635820182),
(22, 0, NULL, NULL, NULL, NULL, 1636, 1635820183, 1635820183),
(23, 0, NULL, NULL, NULL, NULL, 1636, 1635820187, 1635820187),
(24, 0, NULL, NULL, NULL, NULL, 1636, 1635820191, 1635820191),
(25, 0, NULL, NULL, NULL, NULL, 1636, 1635820192, 1635820192),
(26, 0, NULL, NULL, NULL, NULL, 1636, 1635820192, 1635820192),
(27, 0, NULL, NULL, NULL, NULL, 1636, 1635820193, 1635820193),
(28, 0, NULL, NULL, NULL, NULL, 1636, 1635820194, 1635820194),
(29, 0, NULL, NULL, NULL, NULL, 1636, 1635820194, 1635820194),
(30, 0, NULL, NULL, NULL, NULL, 1636, 1635820195, 1635820195),
(31, 654, NULL, NULL, NULL, NULL, 1761, 1635849251, 1635849251),
(32, 0, NULL, NULL, NULL, NULL, 1761, 1635849262, 1635849262),
(33, 0, NULL, NULL, NULL, NULL, 1761, 1635849264, 1635849264),
(34, 0, NULL, NULL, NULL, NULL, 1761, 1635849266, 1635849266),
(35, 657, NULL, NULL, NULL, NULL, 1761, 1635912165, 1635912165),
(36, 1035, NULL, NULL, NULL, NULL, 2840, 1637402258, 1637402258);

-- --------------------------------------------------------

--
-- Cấu trúc bảng cho bảng `devices`
--

CREATE TABLE `devices` (
  `id` int(10) NOT NULL,
  `id_user` int(10) NOT NULL,
  `user_type` int(10) NOT NULL,
  `device_name` varchar(255) NOT NULL,
  `address` varchar(255) NOT NULL,
  `created_at` int(12) NOT NULL,
  `updated_at` int(12) NOT NULL
) ENGINE=InnoDB DEFAULT CHARSET=utf8;

--
-- Đang đổ dữ liệu cho bảng `devices`
--

INSERT INTO `devices` (`id`, `id_user`, `user_type`, `device_name`, `address`, `created_at`, `updated_at`) VALUES
(2, 1761, 1, 'windows', 'Hanoi, Vietnam', 1634108644, 1634108644),
(3, 2164, 1, 'windows', 'Hanoi, Vietnam', 1634197326, 1634197326),
(4, 2498, 1, 'windows', 'Hanoi, Vietnam', 1634201141, 1634201141),
(5, 1636, 1, 'windows', 'Hanoi, Vietnam', 1634606028, 1634606028),
(6, 1636, 1, 'linux', 'Hanoi, Vietnam', 1634691813, 1634691813),
(7, 1750, 1, 'windows', 'Hanoi, Vietnam', 1634696796, 1634696796),
(8, 57, 1, 'windows', 'Hanoi, Vietnam', 1634780538, 1634780538),
(9, 1664, 1, 'windows', 'Hanoi, Vietnam', 1634783778, 1634783778),
(10, 1664, 1, 'linux', 'Hanoi, Vietnam', 1634783826, 1634783826),
(11, 2498, 1, 'linux', 'Hanoi, Vietnam', 1635125478, 1635125478),
(12, 1788, 1, 'windows', 'Hanoi, Vietnam', 1635146017, 1635146017),
(13, 2498, 1, 'mac', 'Hanoi, Vietnam', 1635302756, 1635302756),
(14, 1761, 1, 'linux', 'Hanoi, Vietnam', 1635911372, 1635911372),
(15, 2888, 1, 'windows', 'Hanoi, Vietnam', 1636365989, 1636365989),
(16, 2899, 1, 'windows', 'Hanoi, Vietnam', 1636511164, 1636511164),
(17, 2840, 1, 'windows', 'Hanoi, Vietnam', 1636615527, 1636615527),
(18, 2514, 1, 'windows', 'Hanoi, Vietnam', 1636620506, 1636620506);

-- --------------------------------------------------------

--
-- Cấu trúc bảng cho bảng `discuss`
--

CREATE TABLE `discuss` (
  `id` int(11) NOT NULL,
  `new_id` int(11) NOT NULL,
  `discuss_mode` tinyint(11) NOT NULL
) ENGINE=InnoDB DEFAULT CHARSET=utf8mb4;

--
-- Đang đổ dữ liệu cho bảng `discuss`
--

INSERT INTO `discuss` (`id`, `new_id`, `discuss_mode`) VALUES
(1, 152, 2),
(2, 193, 1),
(3, 258, 1),
(4, 306, 1),
(5, 317, 1),
(6, 355, 1),
(7, 368, 1),
(8, 379, 1),
(9, 389, 1),
(10, 413, 1),
(11, 453, 1),
(12, 454, 1),
(13, 468, 1),
(14, 481, 1),
(15, 483, 1),
(16, 499, 1),
(17, 503, 1);

-- --------------------------------------------------------

--
-- Cấu trúc bảng cho bảng `events`
--

CREATE TABLE `events` (
  `id` int(11) NOT NULL,
  `id_new` int(11) DEFAULT NULL,
  `avatar` varchar(255) DEFAULT NULL,
  `time` int(11) DEFAULT NULL,
  `speakers_avatar` varchar(255) DEFAULT NULL,
  `event_mode` int(11) DEFAULT NULL,
  `speakers_name` varchar(255) DEFAULT NULL,
  `speakers_position` varchar(255) DEFAULT NULL,
  `speakers_phone` varchar(255) DEFAULT NULL,
  `speakers_email` varchar(255) DEFAULT NULL,
  `list_guests` text,
  `list_emp_join` varchar(255) DEFAULT NULL,
  `list_question` text
) ENGINE=InnoDB DEFAULT CHARSET=utf8mb4;

--
-- Đang đổ dữ liệu cho bảng `events`
--

INSERT INTO `events` (`id`, `id_new`, `avatar`, `time`, `speakers_avatar`, `event_mode`, `speakers_name`, `speakers_position`, `speakers_phone`, `speakers_email`, `list_guests`, `list_emp_join`, `list_question`) VALUES
(27, 108, '8281.png', 1631263500, NULL, NULL, NULL, NULL, NULL, NULL, NULL, NULL, NULL),
(28, 109, '21054.png', 1631264220, '761.png', 1, 'undefined', 'undefined', 'undefined', 'undefined', '[{"name_guest":"q","name_company":"q","name_position":"q"}]', NULL, NULL),
(29, 110, '5168.png', 1631264700, '11635.png', 1, 'ewqeqw', 'eqwe', '0896504259', 'vuongkwai1998@gmail.com', '[{"name_guest":"e","name_company":"e","name_position":"e"},{"name_guest":"q","name_company":"q","name_position":"q"}]', NULL, NULL),
(30, 111, '26449.png', 1631265060, '17528.png', 1, 'eqweqw', '0896504259', '0896504259', 'vuongkwai1998@gmail.com', '[{"name_guest":"q","name_company":"q","name_position":"q"}]', NULL, NULL),
(31, 112, '32687.png', 1631265060, '11150.png', 1, 'eqweqw', '0896504259', '0896504259', 'vuongkwai1998@gmail.com', '[{"name_guest":"q","name_company":"q","name_position":"q"}]', NULL, NULL),
(32, 113, '3581.png', 1631265060, '27220.png', 1, 'eqweqw', '0896504259', '0896504259', 'vuongkwai1998@gmail.com', '[{"name_guest":"q","name_company":"q","name_position":"q"}]', NULL, NULL),
(33, 114, '12423.png', 1631265300, '14534.png', 1, 'Trung ', 'Giám đốc', '0896504259', 'vuongkwai1998@gmail.com', '[{"name_guest":"q","name_company":"q","name_position":"q"}]', NULL, NULL),
(34, 115, '11894.png', 1631265420, '19729.png', 1, 'Trung', '0896504259', '0896504259', 'vuongkwai1998@gmail.com', '[{"name_guest":"q","name_company":"q","name_position":"q"}]', NULL, NULL),
(35, 116, '24804.png', 1631269440, '11383.png', 2, 'eqweqw', '0896504259', '0896504259', 'vuongkwai1998@gmail.com', '[{"name_guest":"q","name_company":"q","name_position":"q"},{"name_guest":"","name_company":"","name_position":""}]', NULL, NULL),
(36, 117, '9207.png', 1631269440, '5110.png', 1, 'eqweqw', 'dqwedđ', '0896504259', 'vuongkwai1998@gmail.com', '[{"name_guest":"q","name_company":"q","name_position":"q"},{"name_guest":"e","name_company":"e","name_position":"e"}]', NULL, NULL),
(37, 119, '3986.png', 1631323140, NULL, NULL, NULL, NULL, NULL, NULL, NULL, NULL, NULL),
(38, 124, '5842.png', 1631331480, '27997.png', 2, 'Trung', 'Giám đốc', '0896504259', 'vuongkwai1998@gmail.com', '[{"name_guest":"q","name_company":"q","name_position":"q"}]', NULL, NULL),
(39, 156, '27477.png', 1631689680, NULL, NULL, NULL, NULL, NULL, NULL, NULL, NULL, NULL),
(40, 157, '', 1631690520, NULL, NULL, NULL, NULL, NULL, NULL, NULL, NULL, NULL),
(41, 158, '3036.png', 1631690520, NULL, NULL, NULL, NULL, NULL, NULL, NULL, NULL, NULL),
(42, 159, '29787.png', 1631690760, '5994.png', 2, 'Trng', 'Giám đốc', '0896504259', 'vuongkwai1998@gmail.com', '[{"name_guest":"q","name_company":"q","name_position":"q"},{"name_guest":"e","name_company":"e","name_position":"e"}]', NULL, NULL),
(43, 169, '27985.png', 1631931720, NULL, NULL, NULL, NULL, NULL, NULL, NULL, NULL, NULL),
(44, 176, '13358.png', 1634212440, NULL, NULL, NULL, NULL, NULL, NULL, NULL, NULL, NULL),
(45, 191, '7289.png', 1634227080, NULL, NULL, NULL, NULL, NULL, NULL, NULL, NULL, NULL),
(46, 192, '14081.png', 1634227620, '17640.png', 1, 'tr', 'tr', '0896504259', 'vu@gmail.com', '[{"name_guest":"r","name_company":"r","name_position":"r"}]', NULL, NULL),
(47, 203, '4614.png', 1634351040, NULL, NULL, NULL, NULL, NULL, NULL, NULL, NULL, NULL),
(48, 204, '27999.png', 1634266680, '510.png', 1, 'tr', 'tr', '0896504259', 'vu@gmail.com', '[{"name_guest":"1","name_company":"1","name_position":"1"}]', NULL, NULL),
(49, 205, '4446.png', 1634266920, '19097.png', 1, 'tr', 'tr', '0896504259', 'vu@gmail.com', '[{"name_guest":"2","name_company":"2","name_position":"2"}]', NULL, NULL),
(50, 224, '1438384432.png', 1634432580, NULL, NULL, NULL, NULL, NULL, NULL, NULL, NULL, NULL),
(51, 227, '252735353.jpeg', 1634783400, NULL, NULL, NULL, NULL, NULL, NULL, NULL, NULL, NULL),
(52, 255, '1315965187.jpeg', 1634697000, '995486485.jpg', 1, 'Đỗ Khánh Tú', 'Tổng giám đốc', '0353554020', 'hungha.timviec365@gmail.com', '[{"name_guest":"Phạm A","name_company":"Công ty 123","name_position":"phó phòng"}]', NULL, NULL),
(53, 256, '546042738.jpeg', 1634697000, '519769028.jpg', 1, 'Đỗ Khánh Tú', 'Tổng giám đốc', '0353554020', 'hungha.timviec365@gmail.com', '[{"name_guest":"Đỗ thị Nhung","name_company":"Công ty TNHH bún bò Huế","name_position":"Trưởng  phòng"},{"name_guest":"Phạm A","name_company":"Công ty 123","name_position":"phó phòng"}]', NULL, NULL),
(54, 257, '897658739.jpeg', 1634697000, '328043191.jpg', 1, 'Đỗ Khánh Tú', 'Tổng giám đốc', '0353554020', 'hungha.timviec365@gmail.com', '[{"name_guest":"Đỗ thị Nhung","name_company":"Công ty TNHH bún bò Huế","name_position":"Trưởng  phòng"},{"name_guest":"Phạm A","name_company":"Công ty 123","name_position":"phó phòng"}]', NULL, NULL),
(55, 277, '182195255.jpeg', 1634726820, NULL, NULL, NULL, NULL, NULL, NULL, NULL, NULL, NULL),
(56, 303, '556527859.jpeg', 1634782200, NULL, NULL, NULL, NULL, NULL, NULL, NULL, NULL, NULL),
(57, 307, '255375628.png', 1634700900, NULL, NULL, NULL, NULL, NULL, NULL, NULL, NULL, NULL),
(58, 308, '268960159.png', 1634789220, '2073423892.png', 1, 'qe', 'ưewq', '0896504259', 'vu@gmail.com', '[]', NULL, NULL),
(59, 316, '1633596790.png', 1634803980, '28411153.png', 1, 'Họ tên diễn giả', 'chức vụ diễn giả', '0896504259', 'vu@gmail.com', '[{"name_guest":"khách mời 1","name_company":"công ty 1","name_position":"chức vụ 1"}]', NULL, NULL),
(60, 353, '723437966.png', 1635303000, NULL, NULL, NULL, NULL, NULL, NULL, NULL, NULL, NULL),
(61, 354, '1382490716.png', 1635303360, '1413807476.png', 1, 'Họ tên diễn giả', 'chức vụ diễn giả', '0896504259', 'vu@gmail.com', '[{"name_guest":"1","name_company":"1","name_position":"1"}]', NULL, NULL),
(62, 367, '93536718.png', 1635473100, NULL, NULL, NULL, NULL, NULL, NULL, NULL, NULL, NULL),
(63, 395, '2023368623.jpeg', 1635911880, NULL, NULL, NULL, NULL, NULL, NULL, NULL, NULL, NULL),
(64, 396, '2005312281.jpeg', 1635927300, '169800049.jpg', 1, 'Nguyễn Phi Hội', 'Phó Giám đốc', '0356021606', '0356021606', '[{"name_guest":"Lê Mạnh Linh","name_company":"Công ty Cổ phần Thanh toán Hưng Hà","name_position":"Trưởng phòng Đối ngoại"}]', NULL, NULL),
(65, 397, '1955713333.jpeg', 1638684000, '931435933.JPG', 2, 'Nguyễn Phi Hùng', 'Phó Giám đốc công ty', '0356021606', 'trangchuoi4@gmail.com', '[{"name_guest":"Trương Ngọc Anh","name_company":"Hometech","name_position":"Trường phòng Sáng tạo"}]', NULL, NULL),
(66, 398, '445160577.png', 1635823980, '658104989.jpg', 2, 'Đỗ Khánh Tú', 'Tổng giám đốc', '0353554020', 'hungha.timviec365@gmail.com', '[{"name_guest":"ffff","name_company":"fffff","name_position":"ffff"}]', NULL, NULL),
(67, 401, '1216979545.jpeg', 1636203600, NULL, NULL, NULL, NULL, NULL, NULL, NULL, NULL, NULL),
(68, 404, '35968603.jpeg', 1635995700, NULL, NULL, NULL, NULL, NULL, NULL, NULL, NULL, NULL),
(69, 405, '1795990863.png', 1636060800, NULL, NULL, NULL, NULL, NULL, NULL, NULL, NULL, NULL),
(70, 406, '140589282.jpeg', 1635934920, NULL, NULL, NULL, NULL, NULL, NULL, NULL, NULL, NULL),
(71, 407, '403517659.jpeg', 1636017840, NULL, NULL, NULL, NULL, NULL, NULL, NULL, NULL, NULL),
(72, 408, '1923980757.png', 1636014420, NULL, NULL, NULL, NULL, NULL, NULL, NULL, NULL, NULL),
(73, 409, '886741790.png', 1635928200, NULL, NULL, NULL, NULL, NULL, NULL, NULL, NULL, NULL),
(74, 410, '128642415.jpeg', 1635932760, NULL, NULL, NULL, NULL, NULL, NULL, NULL, NULL, NULL),
(75, 412, '728356948.jpeg', 1636067880, '253631762.jpg', 1, 'Hoài An', 'Giám đốc', '0987654523', 'gmail2gmail.', '[{"name_guest":"An Nguyễn","name_company":"HHP","name_position":"Trưởng phòng"}]', NULL, NULL),
(76, 428, '64131911.jpeg', 1636776000, NULL, NULL, NULL, NULL, NULL, NULL, NULL, NULL, NULL),
(77, 516, '1372000855.jpeg', 1639110600, NULL, NULL, NULL, NULL, NULL, NULL, NULL, NULL, NULL),
(78, 517, '1684942529.png', 1637820000, NULL, NULL, NULL, NULL, NULL, NULL, NULL, NULL, NULL),
(79, 518, '265176344.png', 1637910120, NULL, NULL, NULL, NULL, NULL, NULL, NULL, NULL, NULL),
(80, 519, '1490565421.png', 1637910180, NULL, NULL, NULL, NULL, NULL, NULL, NULL, NULL, NULL),
(81, 520, '497879466.png', 1637910240, NULL, NULL, NULL, NULL, NULL, NULL, NULL, NULL, NULL),
(82, 521, '1190680802.png', 1637828520, NULL, NULL, NULL, NULL, NULL, NULL, NULL, NULL, NULL),
(83, 522, '1648802764.png', 1637829240, '756526332.PNG', 1, '1', '1', '0896504259', '1', '[]', NULL, NULL),
(84, 523, '843550671.png', 1637829360, '1694342610.PNG', 1, '1', '1', '0896504259', '1', '', NULL, NULL),
(85, 524, '2038370921.png', 1637916780, NULL, NULL, NULL, NULL, NULL, NULL, NULL, NULL, NULL);

-- --------------------------------------------------------

--
-- Cấu trúc bảng cho bảng `event_join`
--

CREATE TABLE `event_join` (
  `id` int(11) NOT NULL,
  `id_employee` int(11) DEFAULT NULL,
  `id_event` int(11) DEFAULT NULL,
  `user_type` tinyint(4) DEFAULT '2'
) ENGINE=InnoDB DEFAULT CHARSET=utf8mb4;

--
-- Đang đổ dữ liệu cho bảng `event_join`
--

INSERT INTO `event_join` (`id`, `id_employee`, `id_event`, `user_type`) VALUES
(10, 3042, 43, 2),
(11, 3609, 43, 2),
(16, 1761, 43, 1),
(17, 1761, 45, 1),
(18, 4154, 51, 2),
(19, 1636, 51, 1),
(21, 4155, 52, 2),
(22, 4143, 56, 2),
(24, 4098, 57, 2),
(26, 4008, 63, 2),
(27, 3985, 63, 2),
(28, 3984, 63, 2),
(29, 1664, 64, 1),
(30, 4004, 65, 2),
(31, 3985, 65, 2),
(32, 3984, 65, 2),
(33, 3984, 64, 2),
(34, 3983, 64, 2),
(36, 1761, 73, 1),
(37, 1761, 48, 1),
(38, 4468, 73, 2),
(39, 1761, 69, 1),
(40, 1636, 71, 1),
(41, 2693, 71, 2),
(42, 2693, 70, 2),
(44, 1761, 77, 1),
(45, 5143, 81, 2),
(46, 4706, 81, 2);

-- --------------------------------------------------------

--
-- Cấu trúc bảng cho bảng `event_question`
--

CREATE TABLE `event_question` (
  `id` int(11) NOT NULL,
  `id_event` int(11) NOT NULL,
  `content` text COLLATE utf8_unicode_ci NOT NULL,
  `user_id` int(11) NOT NULL,
  `user_type` int(11) NOT NULL,
  `created_at` int(11) NOT NULL,
  `updated_at` int(11) NOT NULL
) ENGINE=InnoDB DEFAULT CHARSET=utf8 COLLATE=utf8_unicode_ci;

--
-- Đang đổ dữ liệu cho bảng `event_question`
--

INSERT INTO `event_question` (`id`, `id_event`, `content`, `user_id`, `user_type`, `created_at`, `updated_at`) VALUES
(1, 45, '123123123', 1231231, 1231233, 1633798800, 1633798800),
(2, 45, '123123123', 1231231, 1231233, 1633798800, 1633798800),
(3, 45, 'qưeqwe', 1761, 1, 1634031587, 1634031587),
(8, 46, 'ádasdasd', 1761, 1, 1634051125, 1634051125),
(9, 48, 'ádasdsasdasd', 1761, 1, 1634051377, 1634051377),
(10, 48, 'ádasdsasdasd', 1761, 1, 1634051381, 1634051381),
(11, 48, 'ádasdsasdasd', 1761, 1, 1634051384, 1634051384),
(12, 53, 'ádasdsasdasd', 1761, 1, 1634058004, 1634058004),
(13, 53, 'ádasdasd', 1761, 1, 1634058046, 1634058046),
(14, 50, 'gggg', 2498, 1, 1634259842, 1634259842),
(15, 51, 'đây là câu hỏi', 1636, 1, 1634627291, 1634627291),
(16, 51, 'câu hỏi 2', 1636, 1, 1634627303, 1634627303),
(17, 52, 'đây là câu hỏi', 1636, 1, 1634630684, 1634630684),
(18, 56, 'câu hoie 1', 1636, 1, 1634698675, 1634698675),
(19, 63, 'Tổ chức đến mấy giờ thế chị ơi?', 1664, 1, 1635735605, 1635735605),
(20, 63, 'Buổi tối có vẻ vui hơn sáng đó ạ', 1664, 1, 1635735618, 1635735618),
(21, 65, 'Sự kiện này về lĩnh vực gì thế ạ?', 1664, 1, 1635737175, 1635737175),
(22, 65, 'Mấy giờ bắt đầu ạ?', 1664, 1, 1635737196, 1635737196),
(23, 64, 'đaaaa', 1664, 1, 1635837549, 1635837549),
(24, 73, 'xin chào công ty', 1761, 1, 1635843161, 1635843161),
(25, 73, 'sự kiện này ai sẽ là chủ trì vậy ạ', 1761, 1, 1635843176, 1635843176);

-- --------------------------------------------------------

--
-- Cấu trúc bảng cho bảng `group`
--

CREATE TABLE `group` (
  `id` int(11) NOT NULL,
  `id_company` int(11) DEFAULT NULL,
  `group_name` varchar(255) DEFAULT NULL,
  `id_manager` varchar(255) DEFAULT NULL,
  `id_employee` varchar(255) DEFAULT NULL,
  `cover_image` varchar(255) DEFAULT NULL,
  `group_image` varchar(255) DEFAULT NULL,
  `description` text,
  `group_mode` tinyint(4) DEFAULT '0',
  `created_at` int(11) DEFAULT NULL,
  `updated_at` int(11) DEFAULT NULL
) ENGINE=InnoDB DEFAULT CHARSET=utf8mb4;

--
-- Đang đổ dữ liệu cho bảng `group`
--

INSERT INTO `group` (`id`, `id_company`, `group_name`, `id_manager`, `id_employee`, `cover_image`, `group_image`, `description`, `group_mode`, `created_at`, `updated_at`) VALUES
(2, 1761, 'wdewqdewq', '3426,3410', '3430,3426,3343', '8333.png', '578.png', '1eqweqwe', 0, NULL, NULL),
(3, 1761, 'wdewqdewq', '3426,3410', '3430,3426,3343', '6042.png', '10443.png', '1eqweqwe', 0, NULL, NULL),
(4, 1761, 'wdewqdewq', '3430,3426', '3426', '3938.png', '6387.png', '1eqweqwe', 0, NULL, NULL),
(5, 1761, 'wdewqdewq', '3426', '3410', '6634.png', '1243.png', '1eqweqwe', 0, NULL, NULL),
(6, 1761, 'wdewqdewq', '3430', '3426', '30238.png', '7935.png', '1eqweqwe', 0, NULL, NULL),
(7, 1761, 'wdewqdewq', '3430', '3343', '10391.png', '31364.png', '1eqweqwe', 0, NULL, NULL),
(8, 1761, 'wdewqdewq', '3430', '3343', '5660.png', '8741.png', '1eqweqwe', 0, NULL, NULL),
(9, 1761, 'wdewqdewq', '3426', '3426', '18716.png', '22821.png', '1eqweqwe', 0, NULL, NULL),
(10, 1761, 'wdewqdewq', '3426', '3426', '1598.png', '15519.png', '1eqweqwe', 0, NULL, NULL),
(17, 1761, 'de an 3', '3426', '3426,3410', '21876.png', '27293.png', '1eqweqwe', 1, NULL, NULL),
(18, 1761, 'de an 4', '3426,3410,3343', '3426,3252,3064', '19918.png', '5359.png', 'Nhóm de an 4', 1, NULL, NULL),
(19, 1761, 'Đề Án 5', '3430,3426', '3449,3430', '9478.jpeg', '18375.jpeg', 'Đề án 3333', 0, NULL, NULL),
(20, 1761, 'đề án 6', '3449,3430', '3449,3430', '3237.png', '22650.png', 'Đây là nhóm', 1, NULL, NULL),
(21, 2498, 'Nhóm 11', '4074', '4074,4073', '901003915.png', '544342634.png', 'Mô tả 1111', 1, NULL, NULL),
(22, 1664, 'HỌP LOYALTY', '4008', '4004,3985,3984', '602048541.jpeg', '1842709074.jpeg', 'Nhóm họp loytalty', 1, NULL, NULL),
(23, 1761, 'Antiiiiiiiii', '4413', '4468,4464,4463,4413,4412', '506428982.jpeg', '1238910714.jpeg', 'Nhóm anti', 1, NULL, NULL);

-- --------------------------------------------------------

--
-- Cấu trúc bảng cho bảng `internal_news`
--

CREATE TABLE `internal_news` (
  `id` int(11) NOT NULL,
  `id_new` int(11) DEFAULT NULL,
  `cover_image` varchar(255) DEFAULT NULL
) ENGINE=InnoDB DEFAULT CHARSET=utf8mb4;

--
-- Đang đổ dữ liệu cho bảng `internal_news`
--

INSERT INTO `internal_news` (`id`, `id_new`, `cover_image`) VALUES
(1, 100, '25693.png'),
(2, 101, '13370.png'),
(3, 154, '19840.jpeg'),
(4, 174, '13353.png'),
(5, 176, '9268.png'),
(6, 198, '28399.png'),
(7, 382, '1276976177.png'),
(8, 419, '1186256090.jpg'),
(9, 461, '517232835.PNG'),
(10, 462, '632396203.PNG'),
(11, 463, '1836130530.PNG'),
(12, 493, '1294763488.PNG'),
(13, 494, '1875276816.PNG'),
(14, 495, ''),
(15, 496, '2024402569.PNG');

-- --------------------------------------------------------

--
-- Cấu trúc bảng cho bảng `knowledge`
--

CREATE TABLE `knowledge` (
  `id` int(11) NOT NULL,
  `id_company` int(11) DEFAULT NULL,
  `id_user` int(11) DEFAULT NULL,
  `name` varchar(255) DEFAULT NULL,
  `author` varchar(255) DEFAULT NULL,
  `field` varchar(255) DEFAULT NULL,
  `description` text,
  `file` varchar(255) DEFAULT NULL,
  `name_file` varchar(255) NOT NULL,
  `user_type` tinyint(11) DEFAULT NULL,
  `delete` tinyint(11) DEFAULT '0',
  `created_at` int(11) DEFAULT NULL,
  `updated_at` int(11) DEFAULT NULL
) ENGINE=InnoDB DEFAULT CHARSET=utf8mb4;

--
-- Đang đổ dữ liệu cho bảng `knowledge`
--

INSERT INTO `knowledge` (`id`, `id_company`, `id_user`, `name`, `author`, `field`, `description`, `file`, `name_file`, `user_type`, `delete`, `created_at`, `updated_at`) VALUES
(3, 1761, 1761, 'sdasww11111', 'dqwe', 'qưeqw', 'eqwe1111', '10247.xls', '', 1, 0, 1631672829, 1631672829),
(5, 1761, 1761, '1', '1', '1', '1', '1425.xls', '', 1, 0, 1631679529, 1633601269),
(6, 2498, 2498, 'Tài liệu 1', 'Tác giả 1', 'lĩnh vực 1', 'mô tả ngắn 1', '561230123.sql', '', 1, 0, 1634292073, 1634292073),
(7, 1636, 1636, 'Đây là tên tài liệu', 'Uzumaki naruto', 'Nội dung về nhẫn thuật trong ninja', 'đây là mô tả', '738235362.jpg', '', 1, 0, 1634635490, 1634635620),
(8, 1636, 1636, '1', 'ABC', 'nội ung', 'mô tả', '2086606002.png', '', 1, 0, 1634635519, 1634635519),
(9, 1636, 1636, 'Kinh dị', 'Đỗ Xuân Quỳnh', 'kinh dị - huyễn hoặc', 'đây là mô tả', '710424657.docx', '', 1, 0, 1634635740, 1634635740),
(10, 2164, 2164, 'zxczxc', 'zxczxc', 'zxczxc', 'zxczxc', '1282520443.jpeg', '', 1, 0, 1635298002, 1635298002),
(11, 1761, 1761, 'Tài liệu học tậpppppppppp', 'Ngọc', 'Nghiên cứu', 'hù òa', '2035729352.docx', '', 1, 0, 1635838419, 1635838419),
(12, 1761, 1761, 'Hhjnkk', 'Ftghi', 'Rygbj', 'Fygjnj', '1914931432.png', '', 1, 0, 1635998970, 1635998970),
(13, 2888, 2888, 'Cha giàu- cha nghèo', 'Robert Kiyosaki Sharon Lechter', 'Kinh doanh', 'Nội dung câu chuyện xoay quanh những bài học mà hai người cha dạy cho những đứa con của mình về những triết lí kinh doanh của những người giàu', '1039779812.pdf', '', 1, 0, 1636366371, 1636366371),
(14, 168, 168, 'tài liệu xử lý giao diện code', 'Lưu Phi', 'Kỹ thuật - công nghệ thông tin ', 'Rất hay', '1004437305.pdf', 'BIÊN BẢN HỌP TUẦN (1).pdf', 1, 0, 1636706782, 1636706782),
(15, 1664, 1664, 'Sách hay ', 'Lê Liêu Ninh', 'VĂN HỌC', 'sÁCH QUÝ GỐI ĐẦU GIƯỜNG', '1709111539.pdf', '1004437305.pdf', 1, 0, 1636711793, 1636711793),
(16, 2840, 2840, 'Tài liệu 1', 'Trung vvv', 'Lĩnh vực', 'Mô tả ngăn', '1168992904.xlsx', '787.xlsx', 1, 0, 1637402504, 1637402504);

-- --------------------------------------------------------

--
-- Cấu trúc bảng cho bảng `knowledge_answer`
--

CREATE TABLE `knowledge_answer` (
  `id` int(11) NOT NULL,
  `id_user` int(11) NOT NULL,
  `id_company` int(11) NOT NULL,
  `knowledge_id` int(11) NOT NULL,
  `content` text NOT NULL,
  `file` varchar(255) NOT NULL,
  `user_type` tinyint(11) NOT NULL,
  `created_at` int(12) NOT NULL,
  `updated_at` int(12) NOT NULL
) ENGINE=InnoDB DEFAULT CHARSET=utf8mb4;

--
-- Đang đổ dữ liệu cho bảng `knowledge_answer`
--

INSERT INTO `knowledge_answer` (`id`, `id_user`, `id_company`, `knowledge_id`, `content`, `file`, `user_type`, `created_at`, `updated_at`) VALUES
(5, 1761, 1761, 5, 'ddadas', '20943.xls', 1, 1631762845, 1631762845),
(7, 1761, 1761, 5, 'ddadas', '20943.xls', 1, 1631762845, 1631762845),
(8, 1761, 1761, 5, 'ddadas', '20943.xls', 1, 1631762845, 1631762845),
(9, 1761, 1761, 5, 'ddadas', '20943.xls', 1, 1631762845, 1631762845),
(11, 1761, 1761, 5, 'ddadas', '20943.xls', 1, 1631762845, 1631762845),
(12, 1636, 1636, 8, 'tôi muốn hỏi về nội dung này', '371152966.jpg', 1, 1634635646, 1634635646),
(13, 1636, 1636, 9, 'đây là nội dug câu hỏi', '1271343775.docx', 1, 1634635779, 1634635779),
(17, 2498, 2498, 6, 'sdsadasd', '1022508659.png', 1, 1635475362, 1635475362),
(18, 2498, 2498, 6, 'qwwq', '186263133.png', 1, 1635475501, 1635475501),
(19, 2498, 2498, 6, 'asdasdas', '1125470466.png', 1, 1635475546, 1635475546),
(20, 2498, 2498, 6, '111111', '575112145.png', 1, 1635475592, 1635475592),
(21, 2498, 2498, 6, 'dsadsad', '1062803495.png', 1, 1635475635, 1635475635),
(22, 2498, 2498, 6, 'wqwqw', '1633138302.docx', 1, 1635475657, 1635475657),
(23, 2498, 2498, 0, 'asdas', '', 1, 1635475914, 1635475914),
(24, 2498, 2498, 0, 'Câu hỏi 1111', '', 1, 1635476475, 1635476475),
(25, 2498, 2498, 0, 'ấd', '', 1, 1635476494, 1635476494),
(26, 2498, 2498, 0, 'sads', '', 1, 1635476581, 1635476581),
(27, 2498, 2498, 0, 'adas', '', 1, 1635476587, 1635476587),
(28, 1761, 1761, 11, 'tyuiolnbvf', '870815652.docx', 1, 1635849728, 1635849728),
(29, 1761, 1761, 0, 'ÁDFG', '', 1, 1635903910, 1635903910),
(30, 1761, 1761, 11, '1234567890-', '1588676660.docx', 1, 1635904123, 1635904123),
(31, 1636, 1636, 9, 'ưqqww', '991525510.jpg', 1, 1635909019, 1635909019),
(32, 2498, 2498, 6, 'rerrrr', '1879862010.jpeg', 1, 1635915619, 1635915619),
(33, 1664, 1664, 0, 'Bạn Phương Anh là bạn nào thế ạ? IQ cao lắm đúng ko ạ?', '', 1, 1636709014, 1636709014);

-- --------------------------------------------------------

--
-- Cấu trúc bảng cho bảng `like`
--

CREATE TABLE `like` (
  `id` int(11) NOT NULL,
  `id_new` int(11) DEFAULT NULL,
  `id_user` int(11) DEFAULT NULL,
  `user_type` int(10) NOT NULL,
  `created_at` int(11) DEFAULT NULL
) ENGINE=InnoDB DEFAULT CHARSET=utf8mb4;

--
-- Đang đổ dữ liệu cho bảng `like`
--

INSERT INTO `like` (`id`, `id_new`, `id_user`, `user_type`, `created_at`) VALUES
(5, 160, 1761, 1, 1631606808),
(6, 161, 1761, 1, 1631607107),
(11, 159, 1761, 1, 1631607833),
(12, 158, 1761, 1, 1631607851),
(13, 155, 1761, 1, 1631607858),
(14, 170, 1761, 1, 1632140165),
(18, 177, 1761, 1, 1632991326),
(20, 208, 1761, 1, 1634196409),
(21, 220, 2164, 1, 1634197611),
(23, 225, 1636, 1, 1634626826),
(24, 228, 1636, 1, 1634629675),
(26, 282, 1636, 1, 1634694345),
(28, 281, 1636, 1, 1634697906),
(29, 294, 1636, 1, 1634698084),
(30, 301, 1636, 1, 1634698222),
(31, 302, 1750, 1, 1634698232),
(32, 306, 1636, 1, 1634698783),
(36, 333, 1664, 1, 1634785590),
(38, 342, 1664, 1, 1635163322),
(39, 349, 2498, 1, 1635210824),
(41, 386, 2498, 1, 1635414376),
(42, 341, 1664, 1, 1635730897),
(43, 390, 1664, 1, 1635733575),
(48, 402, 1761, 1, 1635839865),
(50, 403, 1761, 1, 1635840340),
(54, 324, 1761, 1, 1635841312),
(55, 221, 1761, 1, 1635841315),
(56, 206, 1761, 1, 1635841319),
(57, 404, 1761, 1, 1635841578),
(70, 421, 1503, 2, 1635903555),
(71, 422, 1761, 1, 1635912584),
(72, 423, 1761, 1, 1635989955),
(73, 426, 2888, 1, 1636366168),
(74, 427, 1664, 1, 1636683443),
(75, 433, 1636, 1, 1636773174),
(76, 516, 1761, 1, 1637727837);

-- --------------------------------------------------------

--
-- Cấu trúc bảng cho bảng `like_comment`
--

CREATE TABLE `like_comment` (
  `id` int(11) NOT NULL,
  `id_comment` int(11) DEFAULT NULL,
  `id_user` int(11) DEFAULT NULL,
  `user_type` tinyint(4) NOT NULL,
  `created_at` int(11) DEFAULT NULL
) ENGINE=InnoDB DEFAULT CHARSET=utf8mb4;

--
-- Đang đổ dữ liệu cho bảng `like_comment`
--

INSERT INTO `like_comment` (`id`, `id_comment`, `id_user`, `user_type`, `created_at`) VALUES
(1, 14, 1761, 0, 1632141561),
(4, 13, 1761, 0, 1632144279),
(5, 22, 1761, 0, 1632148967),
(8, 68, 1761, 0, 1632885976),
(10, 60, 1761, 0, 1632886097),
(12, 86, 1761, 0, 1632904604),
(15, 67, 1761, 0, 1632985557),
(16, 61, 1761, 0, 1632985927),
(20, 64, 1761, 0, 1632991321),
(21, 66, 1761, 0, 1632992116),
(22, 65, 1761, 0, 1632992145),
(27, 75, 1761, 0, 1632992248),
(30, 0, 1761, 0, 1632992589),
(34, 105, 1761, 0, 1632993759),
(35, 104, 1761, 0, 1633396653),
(36, 126, 1636, 1, 1634635848),
(37, 127, 1636, 1, 1634647577),
(38, 128, 1636, 1, 1634647579),
(39, 130, 1636, 1, 1634698324),
(40, 138, 1664, 1, 1634806321),
(41, 218, 1761, 1, 1635839077),
(42, 217, 1761, 1, 1635839080),
(43, 219, 1761, 1, 1635839083),
(44, 221, 1761, 1, 1635839892),
(45, 224, 1761, 1, 1635912592),
(46, 227, 1636, 1, 1636773184),
(47, 229, 2693, 2, 1636773306),
(48, 227, 2693, 2, 1636773308);

-- --------------------------------------------------------

--
-- Cấu trúc bảng cho bảng `like_comment_core`
--

CREATE TABLE `like_comment_core` (
  `id` int(11) NOT NULL,
  `id_comment` int(11) NOT NULL,
  `id_user` int(11) NOT NULL,
  `user_type` int(11) NOT NULL,
  `created_at` int(11) NOT NULL
) ENGINE=InnoDB DEFAULT CHARSET=utf8 COLLATE=utf8_unicode_ci;

--
-- Đang đổ dữ liệu cho bảng `like_comment_core`
--

INSERT INTO `like_comment_core` (`id`, `id_comment`, `id_user`, `user_type`, `created_at`) VALUES
(2, 33, 1761, 1, 1633515234),
(4, 34, 1761, 1, 1633515394),
(5, 30, 1761, 1, 1633515412),
(6, 37, 1761, 1, 1633515414),
(0, 34, 2498, 1, 1634269989),
(0, 35, 2498, 1, 1634270107),
(0, 64, 2498, 1, 1635498219);

-- --------------------------------------------------------

--
-- Cấu trúc bảng cho bảng `like_comment_knowledge`
--

CREATE TABLE `like_comment_knowledge` (
  `id` int(11) NOT NULL,
  `comment_knowledge_id` int(11) NOT NULL,
  `id_user` int(11) NOT NULL,
  `user_type` int(10) NOT NULL,
  `created_at` int(12) NOT NULL
) ENGINE=InnoDB DEFAULT CHARSET=utf8mb4;

--
-- Đang đổ dữ liệu cho bảng `like_comment_knowledge`
--

INSERT INTO `like_comment_knowledge` (`id`, `comment_knowledge_id`, `id_user`, `user_type`, `created_at`) VALUES
(4, 61, 1761, 0, 1631869360),
(6, 76, 1761, 0, 1631934263),
(7, 77, 1761, 0, 1631935002),
(15, 88, 1761, 0, 1631936868),
(16, 111, 2498, 1, 1635479858),
(17, 120, 2498, 1, 1635503792),
(18, 122, 1761, 1, 1635905246),
(19, 120, 1761, 1, 1635906403);

-- --------------------------------------------------------

--
-- Cấu trúc bảng cho bảng `like_comment_target`
--

CREATE TABLE `like_comment_target` (
  `id` int(11) NOT NULL,
  `id_comment` int(11) NOT NULL,
  `id_user` int(11) NOT NULL,
  `user_type` int(11) NOT NULL,
  `created_at` int(11) NOT NULL
) ENGINE=InnoDB DEFAULT CHARSET=utf8 COLLATE=utf8_unicode_ci;

--
-- Đang đổ dữ liệu cho bảng `like_comment_target`
--

INSERT INTO `like_comment_target` (`id`, `id_comment`, `id_user`, `user_type`, `created_at`) VALUES
(1, 8, 1761, 1, 1633577871),
(2, 5, 1761, 1, 1633578104),
(4, 9, 1761, 1, 1633592442),
(5, 13, 1761, 1, 1633593832),
(0, 39, 2498, 1, 1635501069);

-- --------------------------------------------------------

--
-- Cấu trúc bảng cho bảng `like_comment_working_rules`
--

CREATE TABLE `like_comment_working_rules` (
  `id` int(10) NOT NULL,
  `id_comment` int(10) NOT NULL,
  `id_user` int(10) NOT NULL,
  `user_type` int(10) NOT NULL,
  `created_at` int(12) NOT NULL
) ENGINE=InnoDB DEFAULT CHARSET=utf8;

--
-- Đang đổ dữ liệu cho bảng `like_comment_working_rules`
--

INSERT INTO `like_comment_working_rules` (`id`, `id_comment`, `id_user`, `user_type`, `created_at`) VALUES
(3, 80, 2498, 1, 1635493551);

-- --------------------------------------------------------

--
-- Cấu trúc bảng cho bảng `like_core_value`
--

CREATE TABLE `like_core_value` (
  `id` int(11) NOT NULL,
  `id_core` int(11) NOT NULL,
  `id_user` int(11) NOT NULL,
  `user_type` int(11) NOT NULL,
  `created_at` int(11) NOT NULL
) ENGINE=InnoDB DEFAULT CHARSET=utf8 COLLATE=utf8_unicode_ci;

--
-- Đang đổ dữ liệu cho bảng `like_core_value`
--

INSERT INTO `like_core_value` (`id`, `id_core`, `id_user`, `user_type`, `created_at`) VALUES
(6, 8, 1761, 1, 1633491247),
(7, 1, 1761, 1, 1633569100),
(8, 3, 1761, 1, 1633570055),
(0, 16, 2498, 1, 1634267770),
(0, 24, 1761, 1, 1635848828),
(0, 9, 1761, 1, 1635913905);

-- --------------------------------------------------------

--
-- Cấu trúc bảng cho bảng `like_target`
--

CREATE TABLE `like_target` (
  `id` int(11) NOT NULL,
  `id_target` int(11) NOT NULL,
  `id_user` int(11) NOT NULL,
  `user_type` int(11) NOT NULL,
  `created_at` int(11) NOT NULL
) ENGINE=InnoDB DEFAULT CHARSET=utf8 COLLATE=utf8_unicode_ci;

--
-- Đang đổ dữ liệu cho bảng `like_target`
--

INSERT INTO `like_target` (`id`, `id_target`, `id_user`, `user_type`, `created_at`) VALUES
(6, 0, 1761, 1, 1633570396),
(10, 3, 1761, 1, 1633577867),
(0, 6, 2498, 1, 1634346816),
(0, 7, 2498, 1, 1634346995);

-- --------------------------------------------------------

--
-- Cấu trúc bảng cho bảng `like_working_rules`
--

CREATE TABLE `like_working_rules` (
  `id` int(10) NOT NULL,
  `id_working_rules` int(10) NOT NULL,
  `id_user` int(10) NOT NULL,
  `user_type` int(10) NOT NULL,
  `created_at` int(12) NOT NULL
) ENGINE=InnoDB DEFAULT CHARSET=utf8;

-- --------------------------------------------------------

--
-- Cấu trúc bảng cho bảng `list_answer_bonus`
--

CREATE TABLE `list_answer_bonus` (
  `id` int(11) NOT NULL,
  `id_vote` int(11) DEFAULT NULL,
  `answer` varchar(255) DEFAULT NULL,
  `file` varchar(255) DEFAULT NULL
) ENGINE=InnoDB DEFAULT CHARSET=utf8mb4;

-- --------------------------------------------------------

--
-- Cấu trúc bảng cho bảng `mail_from_ceo`
--

CREATE TABLE `mail_from_ceo` (
  `id` int(11) NOT NULL,
  `title_mail` varchar(255) DEFAULT NULL,
  `content` text,
  `file` varchar(255) DEFAULT NULL,
  `user_sent` int(11) DEFAULT NULL,
  `id_company` int(11) DEFAULT NULL,
  `option_notify` varchar(255) DEFAULT NULL,
  `user_type` tinyint(4) NOT NULL,
  `delete` tinyint(4) NOT NULL DEFAULT '0',
  `created_at` int(11) DEFAULT NULL,
  `updated_at` int(11) DEFAULT NULL
) ENGINE=InnoDB DEFAULT CHARSET=utf8mb4;

--
-- Đang đổ dữ liệu cho bảng `mail_from_ceo`
--

INSERT INTO `mail_from_ceo` (`id`, `title_mail`, `content`, `file`, `user_sent`, `id_company`, `option_notify`, `user_type`, `delete`, `created_at`, `updated_at`) VALUES
(14, 'Thư từ CEO', 'Nội dung thư từ CEO', '1689985264.png', 2498, 2498, '1', 1, 0, 1634207057, 1634207057),
(15, 'Thư từ CEO 2', 'adasdqqqq', '1749181348.sql', 2498, 2498, '1', 1, 0, 1634207415, 1634207415),
(16, 'Thư gửi cán bộ nhân viên', 'Cố gắng lên nàooooooooooooooooooooooooooooooooo', '1429804607.xlsx', 1761, 1761, '1,2', 1, 0, 1634377724, 1634377724),
(18, 'ddaa', 'ádasd', '114843328.png', 2498, 2498, NULL, 1, 0, 1634695838, 1634695838),
(19, 'đây là tiêu đề', 'ahajjjfwkf', '535083529.docx', 1636, 1636, NULL, 1, 0, 1634696436, 1634696436),
(20, '2', 'wqq', '1771927613.png', 2498, 2498, NULL, 1, 0, 1634697222, 1634697222),
(22, 'Về việc dịch chuyển văn phòng mới', 'Dự kiến có thể ngày thứ 2 toàn công ty nghỉ để phục vụ dịch chuyển văn phòng mới. Các đ/c nắm được để bố trí công việc', '175739469.docx', 57, 57, NULL, 1, 0, 1634780816, 1634780816),
(23, 'dfd', 'fdsfds', '1037792687.png', 2498, 2498, NULL, 1, 0, 1634780863, 1634780863),
(24, 'dsad', 'ádasdasd', '1465806668.png', 2498, 2498, NULL, 1, 0, 1634780910, 1634780910),
(25, 'âsas', 'sâs', '1633108823.png', 2498, 2498, NULL, 1, 0, 1634785683, 1634785683),
(26, 'dsad', 'dasd', '954787298.png', 2498, 2498, NULL, 1, 0, 1634785854, 1634785854),
(27, 'ádsa', 'đá', '1766433491.png', 2498, 2498, NULL, 1, 0, 1634786386, 1634786386),
(28, 'asdsad', 'adas', '2085898506.png', 2498, 2498, NULL, 1, 0, 1634786534, 1634786534),
(29, 'dddddddddddddddddddddddd', 'asadasd', '1952699093.png', 2498, 2498, NULL, 1, 0, 1634786753, 1634786753),
(30, 'ewqeweee', 'sdfdfds', '1854715441.png', 2498, 2498, NULL, 1, 0, 1634786851, 1634786851),
(31, 'wqeqweeqw', 'eqweqwe', '479087851.png', 2498, 2498, NULL, 1, 0, 1634786967, 1634786967),
(32, '11', 'asdsad', '232318518.png', 2498, 2498, NULL, 1, 0, 1634787068, 1634787068),
(33, 'qqq', 'qưewqe', '1449622890.docx', 2498, 2498, NULL, 1, 0, 1635236599, 1635236599),
(34, 'vvvv', 'adadas', '1926610548.docx', 2498, 2498, NULL, 1, 0, 1635236730, 1635236730),
(35, '', '', '404328379.', 2498, 2498, NULL, 1, 0, 1635236731, 1635236731),
(36, 'qưewqewq', 'qưddsdsdad', '103884494.docx', 2498, 2498, NULL, 1, 0, 1635237290, 1635237290),
(37, 'Thông báo 11222', 'qqqqqwwe', '893137157.docx', 2498, 2498, NULL, 1, 0, 1635237322, 1635237322),
(38, 'dasdsdd', 'sadwqd', '227358647.docx', 2498, 2498, NULL, 1, 0, 1635237807, 1635237807),
(39, 'asdasdw', 'qwewqe', '1350174332.docx', 2498, 2498, NULL, 1, 0, 1635237867, 1635237867),
(40, 'asdas', 'dsadwqd', '1687391098.docx', 2498, 2498, NULL, 1, 0, 1635238117, 1635238117),
(41, 'sadas', 'dsadqwd', '1224378599.png', 2498, 2498, NULL, 1, 0, 1635325324, 1635325324),
(42, 'THƯ GỬI NHÂN VIÊN NHÂN NGÀY TẾT TRUNG THU', 'Các nhân viên thân mến của ta, từ ngay ta thành lập công ty đến nay đã vô cùng biết ơn các bạn và ta dự định sẽ tăng lương cho các bạn lên 15% nữa! cảm ơn các bạn đã cống hiến nhé!', '1469716100.pdf', 1664, 1664, NULL, 1, 0, 1635735247, 1635735247),
(43, 'đay là thư abc', 'jajajjaja', '38064819.docx', 1636, 1636, NULL, 1, 0, 1635820057, 1635820057),
(44, 'Hội tụ nhân tài', 'Thân gửi các thành viên,\nNơi đây là nơi hội tụ nhân tài của Việt nam, các bạn đã làm rất tốt!', '308975649.docx', 1761, 1761, NULL, 1, 0, 1635848077, 1635848077),
(45, 'Thư gửi học sinh', 'Các em học sinh,\n\nNgày hôm nay là ngày khai trường đầu tiên ở nước Việt Nam Dân chủ Cộng hòa. Tôi đã tưởng tượng thấy thấy trước mắt cái cảnh nhộn nhịp tưng bừng của ngày tựu trường ở khắp các nơi. Các em hết thảy đều vui vẻ vì sau mấy tháng giời nghỉ học, sau bao nhiêu cuộc chuyển biến khác thường, các em lại được gặp thầy gặp bạn. Nhưng sung sướng hơn nữa, từ giờ phút này giở đi, các em bắt đầu được nhận một nền giáo dục hoàn toàn Việt Nam. Các em được hưởng sự may mắn đó là nhờ sự hi sinh của biết bao nhiêu đồng bào các em. Vậy các em nghĩ sao?\n\nTrong năm học tới đây, các em hãy cố gắng, siêng năng học tập, ngoan ngoãn, nghe thầy, yêu bạn. Sau 80 năm giời nô lệ làm cho nước nhà bị yếu hèn, ngày nay chúng ta cần phải xây dựng lại cơ đồ mà tổ tiên đã để lại cho chúng ta, làm sao cho chúng ta theo kịp các nước khác trên hoàn cầu. Trong công cuộc kiến thiết đó, nước nhà trông mong chờ đợi ở các em rất nhiều. Non sông Việt Nam có trở nên tươi đẹp hay không, dân tộc Việt Nam có bước tới đài vinh quang để sánh vai với các cường quốc năm châu được hay không, chính là nhờ một phần lớn ở công học tập của các em. Ngày hôm nay, nhân buổi tựu trường của các em, tôi chỉ biết chúc các em một năm đầy vui vẻ và đầy kết quả tốt đẹp.\n\nChào các em thân yêu.\n\nHồ Chí Minh', '1116981274.jpg', 1761, 1761, NULL, 1, 0, 1635907638, 1635907638);

-- --------------------------------------------------------

--
-- Cấu trúc bảng cho bảng `module`
--

CREATE TABLE `module` (
  `id` int(11) NOT NULL,
  `module_name` varchar(255) DEFAULT NULL,
  `module_url` varchar(255) DEFAULT NULL,
  `url_icon` varchar(255) DEFAULT NULL
) ENGINE=InnoDB DEFAULT CHARSET=utf8mb4;

--
-- Đang đổ dữ liệu cho bảng `module`
--

INSERT INTO `module` (`id`, `module_name`, `module_url`, `url_icon`) VALUES
(1, 'Trang chủ', '/quan-ly-chung.html', NULL),
(2, 'Truyền thông nội bộ', '/truyen-thong-noi-bo-cong-ty.html', NULL),
(3, 'Văn hóa doanh nghiệp', '/vhdn-thu-tu-seo.html', NULL),
(4, 'Quản trị tri thức', '/quan-tri-tri-thuc-wiki.html', NULL),
(5, 'Quản lí cuộc họp', '#', NULL),
(6, 'Dữ liệu đã xóa gần đây', '/quan-ly-du-lieu-da-xoa.html', NULL);

-- --------------------------------------------------------

--
-- Cấu trúc bảng cho bảng `new_feed`
--

CREATE TABLE `new_feed` (
  `new_id` int(11) NOT NULL,
  `new_title` varchar(255) DEFAULT NULL,
  `id_company` int(11) NOT NULL,
  `author` int(11) DEFAULT NULL,
  `new_type` int(11) DEFAULT NULL,
  `id_user_tags` varchar(255) DEFAULT '0',
  `content` text,
  `file` text,
  `name_file` text,
  `ghim` int(11) DEFAULT '0',
  `position` int(11) NOT NULL DEFAULT '0',
  `author_type` tinyint(4) NOT NULL DEFAULT '1',
  `type` int(10) NOT NULL DEFAULT '0' COMMENT '0 là phòng ban chung, 1 là nhóm riêng',
  `delete` tinyint(4) NOT NULL COMMENT '1 là ẩn, 0 là hiện',
  `created_at` int(11) DEFAULT NULL,
  `updated_at` int(11) DEFAULT NULL
) ENGINE=InnoDB DEFAULT CHARSET=utf8mb4;

-- --------------------------------------------------------

--
-- Cấu trúc bảng cho bảng `nickname`
--

CREATE TABLE `nickname` (
  `id` int(10) NOT NULL,
  `id_user` int(10) NOT NULL,
  `user_type` int(2) NOT NULL,
  `id_user_tag` int(10) NOT NULL,
  `type_user_tag` int(2) NOT NULL,
  `nick_name` varchar(255) CHARACTER SET utf8 NOT NULL,
  `created_at` int(11) NOT NULL,
  `updated_at` int(11) NOT NULL
) ENGINE=InnoDB DEFAULT CHARSET=latin1;

--
-- Đang đổ dữ liệu cho bảng `nickname`
--

INSERT INTO `nickname` (`id`, `id_user`, `user_type`, `id_user_tag`, `type_user_tag`, `nick_name`, `created_at`, `updated_at`) VALUES
(6, 2840, 1, 4706, 2, 'Vượng vippro2', 1637205685, 1637228597);

-- --------------------------------------------------------

--
-- Cấu trúc bảng cho bảng `notify`
--

CREATE TABLE `notify` (
  `id` int(11) NOT NULL,
  `type` int(11) DEFAULT NULL COMMENT '1 là giá trị cốt lõi, 2 là mục tiêu - chiến lược phần văn hóa dn,3 là sinh nhât phần truyền thông nội bộ, 4 là nguyên tắc làm việc phần văn hóa doanh nghiệp, 5 là tầm nhìn sứ mệnh',
  `id_user` int(11) DEFAULT NULL,
  `id_company` int(10) NOT NULL,
  `id_user_tag` int(10) NOT NULL DEFAULT '0',
  `content` varchar(255) DEFAULT NULL,
  `user_type` tinyint(4) NOT NULL DEFAULT '1',
  `delete` int(10) NOT NULL DEFAULT '0',
  `created_at` int(11) DEFAULT NULL,
  `updated_at` int(11) DEFAULT NULL
) ENGINE=InnoDB DEFAULT CHARSET=utf8mb4;

--
-- Đang đổ dữ liệu cho bảng `notify`
--

INSERT INTO `notify` (`id`, `type`, `id_user`, `id_company`, `id_user_tag`, `content`, `user_type`, `delete`, `created_at`, `updated_at`) VALUES
(1, 1, 1761, 0, 0, 'eqweqw', 1, 0, 1632137639, 1632137639),
(2, 2, 1761, 0, 0, 'asdasdasdads', 1, 0, 1632708096, 1632708096),
(3, 2, 1761, 0, 0, 'qweqweqwe', 1, 0, 1632711475, 1632711475),
(4, 2, 1761, 0, 0, 'ádasdasd', 1, 0, 1632713077, 1632713077),
(5, 2, 1761, 0, 0, 'ádasdasdasd', 1, 0, 1632730527, 1632730527),
(6, 3, 1761, 1761, 0, 'sdasdasw', 1, 0, 1633687638, 1633687638),
(7, 3, 1761, 1761, 3608, 'adsdsadas', 1, 0, 1633687832, 1633687832),
(8, 4, 1761, 1761, 0, 'ưqewq', 1, 0, 1633767100, 1633767100),
(9, 4, 1761, 1761, 0, 'ưqewq1111', 1, 0, 1633767124, 1633767124),
(10, 5, 1761, 1761, 0, '0', 1, 0, 1634121586, 1634121586),
(11, 1, 1761, 0, 0, 'Noi dung thu ceo', 1, 0, 1634179808, 1634179808),
(12, 2, 1761, 0, 0, 'nội dung giá trị cốt lõi 1', 1, 0, 1634196016, 1634196016),
(13, 1, 2498, 0, 0, 'Nôi dung thư', 1, 0, 1634206892, 1634206892),
(14, 1, 2498, 0, 0, 'Nội dung thư từ CEO', 1, 0, 1634207057, 1634207057),
(15, 1, 2498, 0, 0, 'adasdqqqq', 1, 0, 1634207415, 1634207415),
(16, 3, 2498, 2498, 4098, 'aa', 1, 0, 1634373574, 1634373574),
(17, 1, 1761, 0, 0, 'Cố gắng lên nàooooooooooooooooooooooooooooooooo', 1, 0, 1634377724, 1634377724),
(18, 6, 1636, 1636, 0, 'đay là nội dung thư ', 1, 0, 1634633980, 1634633980),
(19, 6, 1636, 1636, 0, 'đay là nội dung thư ', 1, 0, 1634634028, 1634634028),
(20, 2, 1636, 1636, 0, 'Mục tiêu dài hạn: đạt mức doanh số để trở thành một trong 50 công ty công nghệ lớn nhất thế giới, với mục tiêu trong giai đoạn 2012 – 2017 đạt mức doanh số 3 tỷ USD.', 1, 0, 1634634768, 1634634768),
(21, 5, 1636, 1636, 0, '0', 1, 0, 1634635215, 1634635215),
(22, 5, 1636, 1636, 0, '0', 1, 0, 1634635217, 1634635217),
(23, 5, 1636, 1636, 0, '0', 1, 0, 1634635218, 1634635218),
(24, 5, 1636, 1636, 0, '0', 1, 0, 1634635218, 1634635218),
(25, 5, 1636, 1636, 0, '0', 1, 0, 1634635218, 1634635218),
(26, 5, 1636, 1636, 0, '0', 1, 0, 1634635219, 1634635219),
(27, 5, 1636, 1636, 0, '0', 1, 0, 1634635219, 1634635219),
(28, 5, 1636, 1636, 0, '0', 1, 0, 1634635225, 1634635225),
(29, 5, 1636, 1636, 0, '0', 1, 0, 1634635225, 1634635225),
(30, 5, 1636, 1636, 0, '0', 1, 0, 1634635226, 1634635226),
(31, 5, 2498, 2498, 0, 'sssssss', 1, 0, 1634693636, 1634693636),
(32, 6, 2498, 2498, 0, 'ádasd', 1, 0, 1634695838, 1634695838),
(36, 5, 2498, 2498, 0, '0', 1, 0, 1634697707, 1634697707),
(37, 5, 2498, 2498, 0, '0', 1, 0, 1634698024, 1634698024),
(38, 5, 2498, 2498, 0, '0', 1, 0, 1634698024, 1634698024),
(39, 5, 2498, 2498, 0, '0', 1, 0, 1634698159, 1634698159),
(40, 6, 57, 57, 0, 'Dự kiến có thể ngày thứ 2 toàn công ty nghỉ để phục vụ dịch chuyển văn phòng mới. Các đ/c nắm được để bố trí công việc', 1, 0, 1634780730, 1634780730),
(41, 6, 57, 57, 0, 'Dự kiến có thể ngày thứ 2 toàn công ty nghỉ để phục vụ dịch chuyển văn phòng mới. Các đ/c nắm được để bố trí công việc', 1, 0, 1634780816, 1634780816),
(42, 6, 2498, 2498, 0, 'đá', 1, 0, 1634786386, 1634786386),
(43, 6, 2498, 2498, 0, 'asdsad', 1, 0, 1634786444, 1634786444),
(44, 3, 2498, 2498, 4356, 'Chúc mừng sinh nhật', 1, 0, 1635236060, 1635236060),
(45, 6, 2498, 2498, 0, 'qưewqe', 1, 0, 1635236599, 1635236599),
(46, 6, 2498, 2498, 0, 'qưddsdsdad', 1, 0, 1635237290, 1635237290),
(47, 6, 2498, 2498, 0, 'qqqqqwwe', 1, 0, 1635237322, 1635237322),
(48, 6, 2498, 2498, 0, 'weqw', 1, 0, 1635237786, 1635237786),
(49, 6, 2498, 2498, 0, 'sadwqd', 1, 0, 1635237807, 1635237807),
(50, 6, 2498, 2498, 0, 'dsadwqd', 1, 0, 1635238117, 1635238117),
(51, 3, 2498, 2498, 4355, 'ádsad', 1, 0, 1635304511, 1635304511),
(52, 6, 2498, 2498, 0, 'dsadqwd', 1, 0, 1635325324, 1635325324),
(53, 6, 1664, 1664, 0, 'Các nhân viên thân mến của ta, từ ngay ta thành lập công ty đến nay đã vô cùng biết ơn các bạn và ta dự định sẽ tăng lương cho các bạn lên 15% nữa! cảm ơn các bạn đã cống hiến nhé!', 1, 0, 1635735247, 1635735247),
(54, 6, 1636, 1636, 0, 'jajajjaja', 1, 0, 1635820057, 1635820057),
(55, 1, 1664, 1664, 0, 'Google có một danh sách 10 giá trị cốt lõi được gọi là “Mười điều đúng đắn chúng tôi tin tưởng”:\r\n\r\nTập trung vào khách hàng và thực hiện mọi điều để đạt mục tiêu này.\r\nTốt nhất là tập trung làm một sản phẩm thật tốt.\r\nNhanh bao giờ cũng tốt hơn chậm.\r\nBì', 1, 0, 1635826503, 1635826503),
(56, 2, 1664, 1664, 0, 'Google có một danh sách 10 giá trị cốt lõi được gọi là “Mười điều đúng đắn chúng tôi tin tưởng”:\r\n\r\nTập trung vào khách hàng và thực hiện mọi điều để đạt mục tiêu này.\r\nTốt nhất là tập trung làm một sản phẩm thật tốt.\r\nNhanh bao giờ cũng tốt hơn chậm.\r\nBì', 1, 0, 1635826540, 1635826540),
(57, 1, 1664, 1664, 0, 'Mong muốn sâu kín của khách hàng\r\nQuyền sở hữu\r\nPhát minh và Đơn giản hóa\r\nĐúng, rất nhiều\r\nTìm hiểu và tò mò\r\nThuê và phát triển tốt nhất\r\nNhấn mạnh vào các tiêu chuẩn cao nhất\r\nSuy nghĩ lớn\r\nThiên vị cho hành động\r\nTiết kiệm\r\nKiếm được niềm tin\r\nLặn sâu', 1, 0, 1635826613, 1635826613),
(58, 6, 1761, 1761, 0, 'Thân gửi các thành viên,\nNơi đây là nơi hội tụ nhân tài của Việt nam, các bạn đã làm rất tốt!', 1, 0, 1635848077, 1635848077),
(59, 6, 1761, 1761, 0, 'Các em học sinh,\n\nNgày hôm nay là ngày khai trường đầu tiên ở nước Việt Nam Dân chủ Cộng hòa. Tôi đã tưởng tượng thấy thấy trước mắt cái cảnh nhộn nhịp tưng bừng của ngày tựu trường ở khắp các nơi. Các em hết thảy đều vui vẻ vì sau mấy tháng giời nghỉ học', 1, 0, 1635907638, 1635907638),
(60, 3, 3006, 1761, 4590, 'Chúc bạn sinh nhật vui vẻ', 2, 0, 1635910835, 1635910835);

-- --------------------------------------------------------

--
-- Cấu trúc bảng cho bảng `room_chat`
--

CREATE TABLE `room_chat` (
  `id` int(10) NOT NULL,
  `id_user1` int(10) NOT NULL,
  `user_type1` int(2) NOT NULL,
  `id_user2` int(10) NOT NULL,
  `user_type2` int(2) NOT NULL
) ENGINE=InnoDB DEFAULT CHARSET=latin1;

--
-- Đang đổ dữ liệu cho bảng `room_chat`
--

INSERT INTO `room_chat` (`id`, `id_user1`, `user_type1`, `id_user2`, `user_type2`) VALUES
(14, 2840, 1, 4706, 2),
(17, 4706, 2, 4706, 2),
(18, 1850, 2, 5004, 2),
(19, 457, 2, 57, 1),
(20, 1761, 1, 1761, 1),
(21, 1761, 1, 4812, 2),
(22, 1761, 1, 4803, 2),
(23, 2840, 1, 5143, 2),
(24, 4706, 2, 5143, 2),
(25, 3436, 2, 5016, 2),
(26, 457, 2, 206, 2),
(27, 457, 2, 205, 2),
(28, 3436, 2, 738, 2),
(29, 738, 2, 57, 1),
(30, 738, 2, 5010, 2),
(31, 1363, 2, 738, 2),
(32, 738, 2, 2555, 2),
(33, 2840, 1, 5143, 0),
(34, 2840, 1, 4706, 0),
(35, 4706, 2, 2840, 0),
(36, 2840, 1, 2840, 1);

-- --------------------------------------------------------

--
-- Cấu trúc bảng cho bảng `target`
--

CREATE TABLE `target` (
  `id` int(11) NOT NULL,
  `id_user` int(11) NOT NULL,
  `id_company` int(11) NOT NULL,
  `title` varchar(255) NOT NULL,
  `content` text NOT NULL,
  `cover_image` varchar(255) NOT NULL,
  `comment` tinyint(4) NOT NULL DEFAULT '0',
  `user_type` int(11) NOT NULL,
  `delete` tinyint(4) NOT NULL DEFAULT '0',
  `deleted_at` int(11) NOT NULL,
  `created_at` int(12) NOT NULL,
  `updated_at` int(12) NOT NULL
) ENGINE=InnoDB DEFAULT CHARSET=utf8mb4;

--
-- Đang đổ dữ liệu cho bảng `target`
--

INSERT INTO `target` (`id`, `id_user`, `id_company`, `title`, `content`, `cover_image`, `comment`, `user_type`, `delete`, `deleted_at`, `created_at`, `updated_at`) VALUES
(5, 2498, 2498, 'mt1', 'ndmt1', '../img/vanhoadoanhnghiep/target/2498/963018417.png', 1, 1, 0, 0, 1634280827, 1634281757),
(6, 2498, 2498, 'mt2223333333', 'ndmt233', '../img/vanhoadoanhnghiep/target/2498/1285995879.png', 0, 1, 0, 0, 1634281220, 1634284262),
(8, 1636, 1636, 'Mục tiêu dài hạn', 'Mục tiêu dài hạn: đạt mức doanh số để trở thành một trong 50 công ty công nghệ lớn nhất thế giới, với mục tiêu trong giai đoạn 2012 – 2017 đạt mức doanh số 3 tỷ USD.', '../img/vanhoadoanhnghiep/target/1636/1051322070.jpg', 1, 1, 0, 0, 1634634768, 1634634768),
(9, 1664, 1664, 'cố gắng là mục tiêu hàng đầu!', '\nHãy để mong muốn khám phá của bạn vượt ra ngoài mọi biên giới.\nBạn vẫn có thể rất chững chạc mà không cần mặc 1 bộ vest.\nChỉ tuyệt vời thôi là chưa đủ tốt', '../img/vanhoadoanhnghiep/target/1664/13336496.jpeg', 0, 1, 0, 0, 1635826540, 1635826540),
(10, 1761, 1761, '123456', 'ưertj238', '../img/vanhoadoanhnghiep/target/1761/1479926897.png', 0, 1, 0, 0, 1635848843, 1635848843);

-- --------------------------------------------------------

--
-- Cấu trúc bảng cho bảng `tbl_voted`
--

CREATE TABLE `tbl_voted` (
  `id` int(11) NOT NULL,
  `id_new` int(11) DEFAULT NULL,
  `answer` text,
  `file` text,
  `time` int(11) DEFAULT NULL
) ENGINE=InnoDB DEFAULT CHARSET=utf8mb4;

--
-- Đang đổ dữ liệu cho bảng `tbl_voted`
--

INSERT INTO `tbl_voted` (`id`, `id_new`, `answer`, `file`, `time`) VALUES
(1, 139, 'qqq', '8117.vnd.ms-excel', 1631752440),
(2, 139, 'qqq3', '', 1631752440),
(3, 140, 'pa1', '13583.vnd.ms-excel', 1631667180),
(4, 140, 'pa2', '5901.vnd.ms-excel', 1631667180),
(5, NULL, 'pa3', '23092.octet-stream', 1631667180),
(6, NULL, 'pa3', '15308.octet-stream', 1631667180),
(7, NULL, '', '', 1631667180),
(8, NULL, 'pa3', '18103.vnd.ms-excel', 1631667180),
(9, 140, 'pa3', '26069.vnd.ms-excel', 1631667180),
(10, 195, '1', '30035.jpeg', 1634227860),
(11, 195, '1', '28304.jpeg', 1634227860),
(12, 196, '1', '32680.jpeg', 1634227860),
(13, 196, '1', '15041.jpeg', 1634227860),
(14, 197, '1', '249.jpeg', 1634227860),
(15, 197, '1', '30782.jpeg', 1634227860),
(16, 200, 'pa1', '1385.png', 1634260440),
(17, 200, 'pa2', '31726.png', 1634260440),
(18, 201, 'pa1', '', 1634260740),
(19, 201, 'pa2', '', 1634260740),
(20, 201, 'pa3', '', 1634260740),
(21, 260, '1', '2133766726.jpeg', 1634638860),
(22, 260, '2', '1072485429.vnd.openxmlformats-officedocument.wordprocessingml.document', 1634638860),
(23, 260, '3', '715158555.jpeg', 1634638860),
(24, 280, '1', '1055341770.jpeg', 1634748120),
(25, 280, '2', '1533331588.png', 1634748120),
(26, 281, '1', '1878462373.jpeg', 1634748120),
(27, 281, '2', '391442698.png', 1634748120),
(28, 362, 'pa1', '', 1635318300),
(29, 362, 'pa2', '', 1635318300),
(30, 363, 'pa1', '', 1635318420),
(31, 363, 'pa2', '', 1635318420),
(32, 415, 'Gà bó xôi', '', 1636640880),
(33, 415, 'Gà rán', '', 1636640880),
(34, 415, 'Lẩu ếch', '', 1636640880),
(35, 416, 'Về nhà', '', 1635942900),
(36, 416, 'Đi chơi', '', 1635942900),
(37, 416, 'Hồ tây', '', 1635942900),
(38, 416, 'Quán thánh', '', 1635942900),
(39, 416, 'Hồ gươm', '', 1635942900),
(40, 416, 'Siêu thị', '', 1635942900),
(41, 416, 'Giao hưởng', '', 1635942900),
(42, 416, 'k biết', '', 1635942900),
(43, 417, '123', '1237779396.vnd.openxmlformats-officedocument.wordprocessingml.document', 1635852720),
(44, 417, '13233', '2072320982.vnd.openxmlformats-officedocument.wordprocessingml.document', 1635852720),
(45, 417, '1234566', '1760793815.jpeg', 1635852720),
(46, 417, '234', '807724378.jpeg', 1635852720),
(47, 424, '1', '284639331.jpeg', 1636013040),
(48, 424, '2', '942291766.jpeg', 1636013040),
(49, 425, '1', '127422726.jpeg', 1636017420),
(50, 425, '2', '1341803660.jpeg', 1636017420);

-- --------------------------------------------------------

--
-- Cấu trúc bảng cho bảng `update_calendar`
--

CREATE TABLE `update_calendar` (
  `id` int(10) NOT NULL,
  `id_user` int(10) NOT NULL,
  `type` int(10) NOT NULL COMMENT '1 là tầm nhìn - sứ mệnh',
  `time` int(10) NOT NULL DEFAULT '0',
  `id_company` int(10) NOT NULL,
  `remind` int(10) NOT NULL DEFAULT '0',
  `created_at` int(12) NOT NULL,
  `updated_at` int(12) NOT NULL
) ENGINE=InnoDB DEFAULT CHARSET=utf8;

--
-- Đang đổ dữ liệu cho bảng `update_calendar`
--

INSERT INTO `update_calendar` (`id`, `id_user`, `type`, `time`, `id_company`, `remind`, `created_at`, `updated_at`) VALUES
(2, 0, 1, 1634144400, 1761, 1, 1634118422, 1634121586),
(3, 0, 1, 0, 1761, 0, 1634180942, 1634180942),
(4, 0, 1, 0, 2498, 0, 1634207605, 1634698159),
(5, 0, 1, 0, 1636, 0, 1634632657, 1634635226),
(6, 2498, 1, 1634662800, 2498, 1, 1634698748, 1634698748),
(7, 0, 1, 0, 1664, 0, 1634803679, 1634803679),
(8, 1636, 1, 1636477200, 1636, 1, 1635820128, 1635820128),
(9, 1636, 1, 1636477200, 1636, 1, 1636366734, 1636366734),
(10, 0, 1, 0, 168, 0, 1636703429, 1636703429),
(11, 0, 1, 0, 57, 0, 1637650742, 1637650742);

-- --------------------------------------------------------

--
-- Cấu trúc bảng cho bảng `user_vote`
--

CREATE TABLE `user_vote` (
  `id` int(12) NOT NULL,
  `id_vote` int(10) NOT NULL,
  `id_new` int(10) NOT NULL,
  `id_user` int(10) NOT NULL,
  `user_type` int(10) NOT NULL,
  `created_at` int(12) NOT NULL,
  `updated_at` int(12) NOT NULL
) ENGINE=InnoDB DEFAULT CHARSET=utf8;

--
-- Đang đổ dữ liệu cho bảng `user_vote`
--

INSERT INTO `user_vote` (`id`, `id_vote`, `id_new`, `id_user`, `user_type`, `created_at`, `updated_at`) VALUES
(2, 18, 0, 1761, 1, 0, 0),
(3, 19, 0, 1761, 1, 0, 0),
(4, 21, 0, 1636, 1, 0, 0),
(5, 22, 0, 1636, 1, 0, 0),
(6, 23, 0, 1636, 1, 0, 0),
(7, 24, 0, 1636, 1, 0, 0),
(8, 26, 0, 1636, 1, 0, 0),
(10, 31, 363, 2498, 1, 0, 0),
(11, 30, 363, 2498, 1, 0, 0),
(12, 32, 415, 1761, 1, 0, 0),
(15, 34, 415, 1761, 1, 0, 0),
(16, 38, 416, 1761, 1, 0, 0),
(17, 47, 424, 1636, 1, 0, 0),
(18, 48, 424, 1636, 1, 0, 0);

-- --------------------------------------------------------

--
-- Cấu trúc bảng cho bảng `vision_misson`
--

CREATE TABLE `vision_misson` (
  `id` int(10) NOT NULL,
  `id_company` int(10) DEFAULT NULL,
  `description` text,
  `vision` text,
  `mission` text,
  `created_at` int(12) DEFAULT NULL,
  `updated_at` int(12) DEFAULT NULL
) ENGINE=InnoDB DEFAULT CHARSET=utf8;

--
-- Đang đổ dữ liệu cho bảng `vision_misson`
--

INSERT INTO `vision_misson` (`id`, `id_company`, `description`, `vision`, `mission`, `created_at`, `updated_at`) VALUES
(3, 1761, 'Công ty Cổ phần Thanh toán Hưng Hà (HHP) được Sở Kế hoạch và Đầu tư Thành Phố Hà Nội thông qua giấy phép kinh doanh ngày 18/5/ 2016.\n\nTính đến thời điểm hiện tại, “con đẻ” kinh doanh đa ngành của CEO Trương Văn Trắc tập trung vào con át chủ bài là tuyển dụng nhân lực trực tuyến đã và đang gặt hái được nhiều thành tựu nổi bật. Dù gặp không ít khó khăn, song bằng sự nỗ lực của ban giám đốc và toàn bộ nhân viên, HHP đã từng bước vượt qua những khó khăn và trụ vững trong lòng người sử dụng, từng bước nâng cao tầm vóc, chất lượng, độ uy tín của các sản phẩm và dịch vụ. \n\nTrong 5 năm ròng hoạt động, Timviec365.vn không ngừng sáng tạo, đổi mới để mang đến người dùng những công cụ phục vụ nhu cầu tuyển dụng và tìm việc hiệu quả nhất. ', 'Mục đích ra đời của công ty cổ phần thanh toán Hưng Hà đó là góp phần xây dựng được một thị trường về dịch vụ thương mại điện tử mãnh mẽ và hiện đại. Chúng tôi luôn mong muốn trở thành đơn vị đi đầu trong lĩnh vực hiện tại và khuynh hướng phát triển hỗ trợ cho các dịch vụ khác. Nhịp chảy luân hồi của xã hội luôn kéo theo đó là nhu cầu của con người tăng cao, đó cũng là lý do khiến chúng tôi không ngừng hoàn thiện và nâng cấp chất lượng. Trong tương lai, đội ngũ nhân viên công ty cổ phần thanh toán Hưng Hà cùng phấn đấu trở thành cái tên số 1 về các sản phẩm điện tử dịch vụ, gắn liền với những sự tiện lợi và chất lượng nhất.', 'Công ty cổ phần thanh toán Hưng Hà quyết đem tất cả tâm lực, tài lực và trí lực phấn đấu phát triển, sáng tạo không ngừng nhằm đem lại chất lượng dịch vụ hàng đầu, hướng tới một cuộc sống tươi đẹp hơn! Chúng tôi đang trên con đường thực hiện mục tiêu cao cả cho xã hội, đó là giải quyết vấn đề việc làm thông qua việc cung cấp các dịch vụ hỗ trợ tuyển dụng và ứng tuyển. Tôn chỉ của chúng tôi là cống hiến hết mình sức sáng tạo và tâm huyết dành cho sự phát triển của công ty nói riêng và xã hội nói chung. Chúng tôi ý thức được rằng làm dịch vụ nghĩa là sự hài lòng của khách hàng luôn phải được ưu tiên và đặt lên hàng đầu. Đó cũng chính là sứ mệnh mà tất cả đội ngũ nhân viên của công ty CP Thanh toán Hưng Hà luôn cố gắng để phục vụ tốt nhất bằng các sản phẩm của chúng tôi.', 1633943818, 1635848655),
(4, 2498, 'Mô tả 111', 'Tầm nhìn 2000', 'Sứ mệnh 111', 1634207467, 1635328574),
(5, 1636, 'CÔNG TY CỔ PHẦN THANH TOÁN HƯNG HÀ\n\nĐỊNH HƯỚNG PHÁT TRIỂN THÀNH\n\nCÔNG TY DỊCH VỤ - THƯƠNG MẠI ĐIỆN TỬ HÀNG ĐẦU TRONG KHU VỰC ', NULL, NULL, 1634633949, 1634634122),
(6, 168, NULL, NULL, NULL, 1635068601, NULL),
(7, 1664, 'Là một trong những công ty đi đầu trong giới truyền thông', NULL, NULL, 1635213311, 1635823381),
(8, 2840, NULL, NULL, NULL, 1637401504, NULL);

-- --------------------------------------------------------

--
-- Cấu trúc bảng cho bảng `working_rules`
--

CREATE TABLE `working_rules` (
  `id` int(10) NOT NULL,
  `id_user` int(10) NOT NULL,
  `name` varchar(255) NOT NULL,
  `content` longtext NOT NULL,
  `img` varchar(255) NOT NULL,
  `comment` tinyint(4) NOT NULL COMMENT '1 là tăt bình luận, 0 là mở bình luận',
  `id_company` int(10) NOT NULL,
  `user_type` int(10) NOT NULL,
  `delete` int(10) NOT NULL DEFAULT '0',
  `created_at` int(12) NOT NULL,
  `updated_at` int(12) NOT NULL
) ENGINE=InnoDB DEFAULT CHARSET=utf8;

--
-- Đang đổ dữ liệu cho bảng `working_rules`
--

INSERT INTO `working_rules` (`id`, `id_user`, `name`, `content`, `img`, `comment`, `id_company`, `user_type`, `delete`, `created_at`, `updated_at`) VALUES
(1, 1761, 'ưqewq', 'eqweqwe', '32596.png', 0, 1761, 1, 0, 1633766788, 1633766788),
(2, 1761, 'ưqewq', 'eqweqwe', '28580.png', 1, 1761, 1, 0, 1633767100, 1633767100),
(3, 1761, 'ưqewq1111', 'eqweqwe', '29514.png', 1, 1761, 1, 0, 1633767124, 1633767124),
(4, 1761, 'ưq', 'ww', '14525.png', 1, 1761, 1, 0, 1633767270, 1633767270),
(5, 1761, '1', '1', '16235.png', 1, 1761, 1, 0, 1633767329, 1633767329),
(6, 1761, 'qưe', 'qqqq', '7748.png', 1, 1761, 1, 1, 1633767401, 1633775658),
(7, 1761, 'das', 'qưe', '14260.png', 1, 1761, 1, 1, 1633767432, 1633775594),
(8, 1761, 'Tên nguyên tắc1qqq', 'nội dung nguyên tắc', '6230.png', 1, 1761, 1, 1, 1633768260, 1633775574),
(9, 1761, 'nguyên tắc 11', 'nội dung nguyên tắc 11', '1052717985.png', 0, 1761, 1, 0, 1634196173, 1634196173),
(10, 1761, 'nguyên tắc 11', 'nội dung nguyên tắc 11', '528111512.png', 0, 1761, 1, 0, 1634196179, 1634196179),
(11, 1761, 'Tên nguyên tắc1qqq', 'Nôi dungff', '1966926967.png', 0, 1761, 1, 0, 1634196318, 1634196318),
(12, 2498, 'Tên nguyên tắc1qqq11', 'qqqqqq', '1860245150.png', 1, 2498, 1, 1, 1634289753, 1634291429),
(13, 2498, 'Nguyen tac 111', 'nd nguyen tac', '809907379.png', 0, 2498, 1, 0, 1634377443, 1634377443),
(14, 1636, 'Nguyên tắc 1', 'đây là nội dung nguyên tắc', '87377942.jpeg', 1, 1636, 1, 0, 1634634898, 1634634898),
(15, 2498, 'ssds', 'sssss`1111', '1377095493.png', 1, 2498, 1, 0, 1635329902, 1635329902),
(16, 2498, 'Teg ntt', 'Nd nguyen tac', '1396030399.png', 1, 2498, 1, 0, 1635329970, 1635329970),
(17, 2498, 'sadsad', 'dwdqdqwwq````', '1036914008.png', 1, 2498, 1, 0, 1635330015, 1635330015),
(18, 2498, 'ssdsa', '111111', '1592700516.png', 0, 2498, 1, 0, 1635330231, 1635330231),
(19, 2498, 'Tên nguyên tắc1qqq2222', 'qwewqe', '634998661.png', 1, 2498, 1, 0, 1635330333, 1635330333),
(20, 1761, 'an pha', 'an pha apha ạn', '1455722071.png', 0, 1761, 1, 0, 1635848960, 1635848960),
(21, 2840, 'sadsas', 'dasdas', '574017988.png', 0, 2840, 1, 0, 1637402116, 1637402116);

--
-- Chỉ mục cho các bảng đã đổ
--

--
-- Chỉ mục cho bảng `bonus`
--
ALTER TABLE `bonus`
  ADD PRIMARY KEY (`id`);

--
-- Chỉ mục cho bảng `chat`
--
ALTER TABLE `chat`
  ADD PRIMARY KEY (`id`);

--
-- Chỉ mục cho bảng `comment`
--
ALTER TABLE `comment`
  ADD PRIMARY KEY (`id`);

--
-- Chỉ mục cho bảng `comment_core_value`
--
ALTER TABLE `comment_core_value`
  ADD PRIMARY KEY (`id`);

--
-- Chỉ mục cho bảng `comment_knowledge`
--
ALTER TABLE `comment_knowledge`
  ADD PRIMARY KEY (`id`);

--
-- Chỉ mục cho bảng `comment_target`
--
ALTER TABLE `comment_target`
  ADD PRIMARY KEY (`id`);

--
-- Chỉ mục cho bảng `comment_working_rules`
--
ALTER TABLE `comment_working_rules`
  ADD PRIMARY KEY (`id`);

--
-- Chỉ mục cho bảng `com_create_time`
--
ALTER TABLE `com_create_time`
  ADD PRIMARY KEY (`id`);

--
-- Chỉ mục cho bảng `config`
--
ALTER TABLE `config`
  ADD PRIMARY KEY (`id`);

--
-- Chỉ mục cho bảng `config_background`
--
ALTER TABLE `config_background`
  ADD PRIMARY KEY (`id`);

--
-- Chỉ mục cho bảng `core_value`
--
ALTER TABLE `core_value`
  ADD PRIMARY KEY (`id`);

--
-- Chỉ mục cho bảng `cover_image`
--
ALTER TABLE `cover_image`
  ADD PRIMARY KEY (`id`);

--
-- Chỉ mục cho bảng `cover_image_com`
--
ALTER TABLE `cover_image_com`
  ADD PRIMARY KEY (`id`);

--
-- Chỉ mục cho bảng `department`
--
ALTER TABLE `department`
  ADD PRIMARY KEY (`id`);

--
-- Chỉ mục cho bảng `devices`
--
ALTER TABLE `devices`
  ADD PRIMARY KEY (`id`);

--
-- Chỉ mục cho bảng `discuss`
--
ALTER TABLE `discuss`
  ADD PRIMARY KEY (`id`);

--
-- Chỉ mục cho bảng `events`
--
ALTER TABLE `events`
  ADD PRIMARY KEY (`id`);

--
-- Chỉ mục cho bảng `event_join`
--
ALTER TABLE `event_join`
  ADD PRIMARY KEY (`id`);

--
-- Chỉ mục cho bảng `event_question`
--
ALTER TABLE `event_question`
  ADD PRIMARY KEY (`id`);

--
-- Chỉ mục cho bảng `group`
--
ALTER TABLE `group`
  ADD PRIMARY KEY (`id`);

--
-- Chỉ mục cho bảng `internal_news`
--
ALTER TABLE `internal_news`
  ADD PRIMARY KEY (`id`);

--
-- Chỉ mục cho bảng `knowledge`
--
ALTER TABLE `knowledge`
  ADD PRIMARY KEY (`id`);

--
-- Chỉ mục cho bảng `knowledge_answer`
--
ALTER TABLE `knowledge_answer`
  ADD PRIMARY KEY (`id`);

--
-- Chỉ mục cho bảng `like`
--
ALTER TABLE `like`
  ADD PRIMARY KEY (`id`);

--
-- Chỉ mục cho bảng `like_comment`
--
ALTER TABLE `like_comment`
  ADD PRIMARY KEY (`id`);

--
-- Chỉ mục cho bảng `like_comment_knowledge`
--
ALTER TABLE `like_comment_knowledge`
  ADD PRIMARY KEY (`id`);

--
-- Chỉ mục cho bảng `like_comment_working_rules`
--
ALTER TABLE `like_comment_working_rules`
  ADD PRIMARY KEY (`id`);

--
-- Chỉ mục cho bảng `like_working_rules`
--
ALTER TABLE `like_working_rules`
  ADD PRIMARY KEY (`id`);

--
-- Chỉ mục cho bảng `list_answer_bonus`
--
ALTER TABLE `list_answer_bonus`
  ADD PRIMARY KEY (`id`);

--
-- Chỉ mục cho bảng `mail_from_ceo`
--
ALTER TABLE `mail_from_ceo`
  ADD PRIMARY KEY (`id`);

--
-- Chỉ mục cho bảng `module`
--
ALTER TABLE `module`
  ADD PRIMARY KEY (`id`);

--
-- Chỉ mục cho bảng `new_feed`
--
ALTER TABLE `new_feed`
  ADD PRIMARY KEY (`new_id`);

--
-- Chỉ mục cho bảng `nickname`
--
ALTER TABLE `nickname`
  ADD PRIMARY KEY (`id`);

--
-- Chỉ mục cho bảng `notify`
--
ALTER TABLE `notify`
  ADD PRIMARY KEY (`id`);

--
-- Chỉ mục cho bảng `room_chat`
--
ALTER TABLE `room_chat`
  ADD PRIMARY KEY (`id`);

--
-- Chỉ mục cho bảng `target`
--
ALTER TABLE `target`
  ADD PRIMARY KEY (`id`);

--
-- Chỉ mục cho bảng `tbl_voted`
--
ALTER TABLE `tbl_voted`
  ADD PRIMARY KEY (`id`);

--
-- Chỉ mục cho bảng `update_calendar`
--
ALTER TABLE `update_calendar`
  ADD PRIMARY KEY (`id`);

--
-- Chỉ mục cho bảng `user_vote`
--
ALTER TABLE `user_vote`
  ADD PRIMARY KEY (`id`);

--
-- Chỉ mục cho bảng `vision_misson`
--
ALTER TABLE `vision_misson`
  ADD PRIMARY KEY (`id`);

--
-- Chỉ mục cho bảng `working_rules`
--
ALTER TABLE `working_rules`
  ADD PRIMARY KEY (`id`);

--
-- AUTO_INCREMENT cho các bảng đã đổ
--

--
-- AUTO_INCREMENT cho bảng `bonus`
--
ALTER TABLE `bonus`
  MODIFY `id` int(11) NOT NULL AUTO_INCREMENT, AUTO_INCREMENT=18;
--
-- AUTO_INCREMENT cho bảng `chat`
--
ALTER TABLE `chat`
  MODIFY `id` int(12) NOT NULL AUTO_INCREMENT, AUTO_INCREMENT=201;
--
-- AUTO_INCREMENT cho bảng `comment`
--
ALTER TABLE `comment`
  MODIFY `id` int(11) NOT NULL AUTO_INCREMENT, AUTO_INCREMENT=231;
--
-- AUTO_INCREMENT cho bảng `comment_core_value`
--
ALTER TABLE `comment_core_value`
  MODIFY `id` int(11) NOT NULL AUTO_INCREMENT, AUTO_INCREMENT=75;
--
-- AUTO_INCREMENT cho bảng `comment_knowledge`
--
ALTER TABLE `comment_knowledge`
  MODIFY `id` int(11) NOT NULL AUTO_INCREMENT, AUTO_INCREMENT=131;
--
-- AUTO_INCREMENT cho bảng `comment_target`
--
ALTER TABLE `comment_target`
  MODIFY `id` int(10) NOT NULL AUTO_INCREMENT, AUTO_INCREMENT=50;
--
-- AUTO_INCREMENT cho bảng `comment_working_rules`
--
ALTER TABLE `comment_working_rules`
  MODIFY `id` int(12) NOT NULL AUTO_INCREMENT, AUTO_INCREMENT=81;
--
-- AUTO_INCREMENT cho bảng `com_create_time`
--
ALTER TABLE `com_create_time`
  MODIFY `id` int(10) NOT NULL AUTO_INCREMENT, AUTO_INCREMENT=8;
--
-- AUTO_INCREMENT cho bảng `config`
--
ALTER TABLE `config`
  MODIFY `id` int(11) NOT NULL AUTO_INCREMENT, AUTO_INCREMENT=24;
--
-- AUTO_INCREMENT cho bảng `config_background`
--
ALTER TABLE `config_background`
  MODIFY `id` int(11) NOT NULL AUTO_INCREMENT, AUTO_INCREMENT=35;
--
-- AUTO_INCREMENT cho bảng `core_value`
--
ALTER TABLE `core_value`
  MODIFY `id` int(11) NOT NULL AUTO_INCREMENT, AUTO_INCREMENT=25;
--
-- AUTO_INCREMENT cho bảng `cover_image`
--
ALTER TABLE `cover_image`
  MODIFY `id` int(11) NOT NULL AUTO_INCREMENT;
--
-- AUTO_INCREMENT cho bảng `cover_image_com`
--
ALTER TABLE `cover_image_com`
  MODIFY `id` int(10) NOT NULL AUTO_INCREMENT, AUTO_INCREMENT=8;
--
-- AUTO_INCREMENT cho bảng `department`
--
ALTER TABLE `department`
  MODIFY `id` int(10) NOT NULL AUTO_INCREMENT, AUTO_INCREMENT=37;
--
-- AUTO_INCREMENT cho bảng `devices`
--
ALTER TABLE `devices`
  MODIFY `id` int(10) NOT NULL AUTO_INCREMENT, AUTO_INCREMENT=19;
--
-- AUTO_INCREMENT cho bảng `discuss`
--
ALTER TABLE `discuss`
  MODIFY `id` int(11) NOT NULL AUTO_INCREMENT, AUTO_INCREMENT=18;
--
-- AUTO_INCREMENT cho bảng `events`
--
ALTER TABLE `events`
  MODIFY `id` int(11) NOT NULL AUTO_INCREMENT, AUTO_INCREMENT=86;
--
-- AUTO_INCREMENT cho bảng `event_join`
--
ALTER TABLE `event_join`
  MODIFY `id` int(11) NOT NULL AUTO_INCREMENT, AUTO_INCREMENT=47;
--
-- AUTO_INCREMENT cho bảng `event_question`
--
ALTER TABLE `event_question`
  MODIFY `id` int(11) NOT NULL AUTO_INCREMENT, AUTO_INCREMENT=26;
--
-- AUTO_INCREMENT cho bảng `group`
--
ALTER TABLE `group`
  MODIFY `id` int(11) NOT NULL AUTO_INCREMENT, AUTO_INCREMENT=24;
--
-- AUTO_INCREMENT cho bảng `internal_news`
--
ALTER TABLE `internal_news`
  MODIFY `id` int(11) NOT NULL AUTO_INCREMENT, AUTO_INCREMENT=16;
--
-- AUTO_INCREMENT cho bảng `knowledge`
--
ALTER TABLE `knowledge`
  MODIFY `id` int(11) NOT NULL AUTO_INCREMENT, AUTO_INCREMENT=17;
--
-- AUTO_INCREMENT cho bảng `knowledge_answer`
--
ALTER TABLE `knowledge_answer`
  MODIFY `id` int(11) NOT NULL AUTO_INCREMENT, AUTO_INCREMENT=34;
--
-- AUTO_INCREMENT cho bảng `like`
--
ALTER TABLE `like`
  MODIFY `id` int(11) NOT NULL AUTO_INCREMENT, AUTO_INCREMENT=77;
--
-- AUTO_INCREMENT cho bảng `like_comment`
--
ALTER TABLE `like_comment`
  MODIFY `id` int(11) NOT NULL AUTO_INCREMENT, AUTO_INCREMENT=49;
--
-- AUTO_INCREMENT cho bảng `like_comment_knowledge`
--
ALTER TABLE `like_comment_knowledge`
  MODIFY `id` int(11) NOT NULL AUTO_INCREMENT, AUTO_INCREMENT=20;
--
-- AUTO_INCREMENT cho bảng `like_comment_working_rules`
--
ALTER TABLE `like_comment_working_rules`
  MODIFY `id` int(10) NOT NULL AUTO_INCREMENT, AUTO_INCREMENT=4;
--
-- AUTO_INCREMENT cho bảng `like_working_rules`
--
ALTER TABLE `like_working_rules`
  MODIFY `id` int(10) NOT NULL AUTO_INCREMENT, AUTO_INCREMENT=2;
--
-- AUTO_INCREMENT cho bảng `list_answer_bonus`
--
ALTER TABLE `list_answer_bonus`
  MODIFY `id` int(11) NOT NULL AUTO_INCREMENT;
--
-- AUTO_INCREMENT cho bảng `mail_from_ceo`
--
ALTER TABLE `mail_from_ceo`
  MODIFY `id` int(11) NOT NULL AUTO_INCREMENT, AUTO_INCREMENT=46;
--
-- AUTO_INCREMENT cho bảng `module`
--
ALTER TABLE `module`
  MODIFY `id` int(11) NOT NULL AUTO_INCREMENT, AUTO_INCREMENT=8;
--
-- AUTO_INCREMENT cho bảng `new_feed`
--
ALTER TABLE `new_feed`
  MODIFY `new_id` int(11) NOT NULL AUTO_INCREMENT, AUTO_INCREMENT=525;
--
-- AUTO_INCREMENT cho bảng `nickname`
--
ALTER TABLE `nickname`
  MODIFY `id` int(10) NOT NULL AUTO_INCREMENT, AUTO_INCREMENT=7;
--
-- AUTO_INCREMENT cho bảng `notify`
--
ALTER TABLE `notify`
  MODIFY `id` int(11) NOT NULL AUTO_INCREMENT, AUTO_INCREMENT=61;
--
-- AUTO_INCREMENT cho bảng `room_chat`
--
ALTER TABLE `room_chat`
  MODIFY `id` int(10) NOT NULL AUTO_INCREMENT, AUTO_INCREMENT=37;
--
-- AUTO_INCREMENT cho bảng `target`
--
ALTER TABLE `target`
  MODIFY `id` int(11) NOT NULL AUTO_INCREMENT, AUTO_INCREMENT=11;
--
-- AUTO_INCREMENT cho bảng `tbl_voted`
--
ALTER TABLE `tbl_voted`
  MODIFY `id` int(11) NOT NULL AUTO_INCREMENT, AUTO_INCREMENT=51;
--
-- AUTO_INCREMENT cho bảng `update_calendar`
--
ALTER TABLE `update_calendar`
  MODIFY `id` int(10) NOT NULL AUTO_INCREMENT, AUTO_INCREMENT=12;
--
-- AUTO_INCREMENT cho bảng `user_vote`
--
ALTER TABLE `user_vote`
  MODIFY `id` int(12) NOT NULL AUTO_INCREMENT, AUTO_INCREMENT=19;
--
-- AUTO_INCREMENT cho bảng `vision_misson`
--
ALTER TABLE `vision_misson`
  MODIFY `id` int(10) NOT NULL AUTO_INCREMENT, AUTO_INCREMENT=9;
--
-- AUTO_INCREMENT cho bảng `working_rules`
--
ALTER TABLE `working_rules`
  MODIFY `id` int(10) NOT NULL AUTO_INCREMENT, AUTO_INCREMENT=22;
/*!40101 SET CHARACTER_SET_CLIENT=@OLD_CHARACTER_SET_CLIENT */;
/*!40101 SET CHARACTER_SET_RESULTS=@OLD_CHARACTER_SET_RESULTS */;
/*!40101 SET COLLATION_CONNECTION=@OLD_COLLATION_CONNECTION */;
